Summary,Issue key,Issue id,Issue Type,Status,Project key,Project name,Project type,Project lead,Project lead id,Project description,Priority,Resolution,Assignee,Assignee Id,Reporter,Reporter Id,Creator,Creator Id,Created,Updated,Last Viewed,Resolved,Due date,Votes,Description,Environment,Watchers,Watchers Id,Original estimate,Remaining Estimate,Time Spent,Work Ratio,Σ Original Estimate,Σ Remaining Estimate,Σ Time Spent,Security Level,Outward issue link (Blocks),Outward issue link (Relates),Outward issue link (Relates),Outward issue link (Relates),Outward issue link (Relates),Outward issue link (Relates),Outward issue link (Relates),Outward issue link (Relates),Outward issue link (Relates),Outward issue link (Relates),Outward issue link (Relates),Outward issue link (Relates),Outward issue link (Relates),Outward issue link (Relates),Outward issue link (Relates),Outward issue link (Relates),Outward issue link (Relates),Outward issue link (Relates),Outward issue link (Relates),Outward issue link (Relates),Outward issue link (Relates),Outward issue link (Relates),Outward issue link (Relates),Outward issue link (Relates),Outward issue link (Relates),Outward issue link (Relates),Outward issue link (Relates),Outward issue link (Relates),Outward issue link (Relates),Outward issue link (Relates),Outward issue link (Relates),Outward issue link (Relates),Outward issue link (Relates),Outward issue link (Relates),Outward issue link (Relates),Outward issue link (Relates),Outward issue link (Relates),Outward issue link (Relates),Outward issue link (Relates),Outward issue link (Relates),Outward issue link (Relates),Outward issue link (Relates),Outward issue link (Relates),Outward issue link (Relates),Outward issue link (Relates),Outward issue link (Relates),Outward issue link (Relates),Outward issue link (Relates),Outward issue link (Relates),Attachment,Custom field (Actual end),Custom field (Actual start),Custom field (Change reason),Custom field (Change risk),Custom field (Change type),Custom field (Development),Custom field (Epic Color),Custom field (Epic Link),Custom field (Epic Name),Custom field (Epic Status),Custom field (Impact),Custom field (Issue color),Custom field (Rank),Custom field (Request Type),Sprint,Custom field (Start date),Custom field (Story Points),Custom field (Story point estimate),Custom field (Target end),Custom field (Target start),Custom field (Team),Custom field ([CHART] Date of First Response),Status Category
"Verify that after selecting checkbox which is available before 'Username' heading of the table on 'Users' page, all the checkboxes of user records of the current page should get selected",RE-116,10147,Test,Done,RE,Real Estate,software,Sakshi Junnare,612ef81b6a4c09006a9fe331,,Medium,Done,Sakshi Junnare,612ef81b6a4c09006a9fe331,Sakshi Junnare,612ef81b6a4c09006a9fe331,Sakshi Junnare,612ef81b6a4c09006a9fe331,08/Sep/21 7:54 AM,08/Sep/21 9:51 AM,08/Sep/21 7:54 AM,08/Sep/21 9:51 AM,,0,,,Sakshi Junnare,612ef81b6a4c09006a9fe331,,,,,,,,,,,,,,,,,,,,,,,,,,,,,,,,,,,,,,,,,,,,,,,,,,,,,,,,,,,,,,,,{},,RE-1,,,,,0|i000w7:,,RE Sprint 1,,,,,,,,Done
Email about the created account is not being sent to the newly added user on registered email id,RE-115,10146,Bug,To Do,RE,Real Estate,software,Sakshi Junnare,612ef81b6a4c09006a9fe331,,Medium,,Sakshi Junnare,612ef81b6a4c09006a9fe331,Sakshi Junnare,612ef81b6a4c09006a9fe331,Sakshi Junnare,612ef81b6a4c09006a9fe331,08/Sep/21 7:05 AM,08/Sep/21 8:36 AM,08/Sep/21 7:16 AM,,,0,"Email about the created account is not being sent to the newly added user on registered email id

Steps to reproduce :-

#  Go to application
# Do log in process by using valid credentials
# Go to ‘Users’ module
# Go to ‘Add New User’ page by clicking on ‘Add New’ link under ‘Users’ module
# Verify ‘Send User Notification’ checkbox by selecting it 

Expected Result :-

Email about the created account should be sent to the newly added user on registered email id if checkbox of ‘Send User Notification’ is selected

Actual Result :-

Email about the created account is not being sent to the newly added user on registered email id when checkbox of ‘Send User Notification’ is selected

!notification-20210908-065721.JPG|width=100%!",,Sakshi Junnare,612ef81b6a4c09006a9fe331,,,,,,,,,RE-60,RE-114,,,,,,,,,,,,,,,,,,,,,,,,,,,,,,,,,,,,,,,,,,,,,,,,08/Sep/21 7:14 AM;ug:0b229844-6979-42c9-ab8d-17ba66d89635;notification-20210908-065721.JPG;https://corporateola333.atlassian.net/secure/attachment/10007/notification-20210908-065721.JPG,,,,,,{},,RE-1,,,,,0|i000vz:,,RE Sprint 1,,,,,,,,To Do
"Verify that after selecting checkbox of 'Send User Notification' field, an email about the account is sent on the registered email id of newly added user ",RE-114,10145,Test,Blocked,RE,Real Estate,software,Sakshi Junnare,612ef81b6a4c09006a9fe331,,Medium,,Sakshi Junnare,612ef81b6a4c09006a9fe331,Sakshi Junnare,612ef81b6a4c09006a9fe331,Sakshi Junnare,612ef81b6a4c09006a9fe331,08/Sep/21 6:37 AM,08/Sep/21 9:59 AM,08/Sep/21 7:15 AM,,,0,‘Send User Notification’ field is available in the form on ‘Add New User’ page,,Sakshi Junnare,612ef81b6a4c09006a9fe331,,,,,,,,,,RE-115,,,,,,,,,,,,,,,,,,,,,,,,,,,,,,,,,,,,,,,,,,,,,,,,,,,,,,{},,RE-1,,,,,0|i000vr:,,RE Sprint 1,,,,,,,,In Progress
"'Price Low to High' option in 'Sort by' list, is not showing the result correctly",RE-113,10144,Bug,To Do,RE,Real Estate,software,Sakshi Junnare,612ef81b6a4c09006a9fe331,,Medium,,Sakshi Junnare,612ef81b6a4c09006a9fe331,Sakshi Junnare,612ef81b6a4c09006a9fe331,Sakshi Junnare,612ef81b6a4c09006a9fe331,08/Sep/21 5:59 AM,08/Sep/21 8:20 AM,08/Sep/21 8:21 AM,,,0,"‘Price Low to High’ option in ‘sort by’ list is not showing the result correctly

Steps to reproduce :-

# Go to application
# Do log in process by using valid credentials
# Go to ‘Users’ module
# Click on ‘All users’ link under ‘Users’ module
# Click on ‘view’ option which is available below the username of admin 
# Verify ‘Price Low to High’ option in ‘sort by’ list 

Expected Result :-

‘Price Low to High’ option should display the property options as per their price from low to high

Actual Result :-

‘Price Low to High’ option is not displaying the property options as per their price from low to high

!newsort-20210908-061707.JPG|width=50%!",,Sakshi Junnare,612ef81b6a4c09006a9fe331,,,,,,,,,RE-26,RE-33,,,,,,,,,,,,,,,,,,,,,,,,,,,,,,,,,,,,,,,,,,,,,,,,08/Sep/21 6:18 AM;ug:0b229844-6979-42c9-ab8d-17ba66d89635;newsort-20210908-061707.JPG;https://corporateola333.atlassian.net/secure/attachment/10006/newsort-20210908-061707.JPG,,,,,,{},,RE-1,,,,,0|i000vj:,,RE Sprint 1,,,,,,,,To Do
"'Last Name' field on 'Add New User' page, is accepting input value having only digits",RE-112,10143,Bug,To Do,RE,Real Estate,software,Sakshi Junnare,612ef81b6a4c09006a9fe331,,Medium,,Sakshi Junnare,612ef81b6a4c09006a9fe331,Sakshi Junnare,612ef81b6a4c09006a9fe331,Sakshi Junnare,612ef81b6a4c09006a9fe331,08/Sep/21 5:13 AM,08/Sep/21 8:38 AM,08/Sep/21 5:14 AM,,,0,"'Last Name' field on 'Add New User' page, is accepting input value having only digits

Steps to reproduce :-

# Go to application
# Do log in process by using valid credentials
# Go to ‘Users’ module
# Go to ‘Add New User’ page by clicking on ‘Add New’ link under ‘Users’ module
# Verify ‘Last Name’ field with input value having only digits

Expected Result :-

'Last Name' field should not accept input value having only digits

Actual Result :-

'Last Name' field is accepting the input value having only digits

!lastnamedigit-20210907-073112.JPG|width=100%!",,Sakshi Junnare,612ef81b6a4c09006a9fe331,,,,,,,,,RE-60,RE-81,,,,,,,,,,,,,,,,,,,,,,,,,,,,,,,,,,,,,,,,,,,,,,,,08/Sep/21 5:18 AM;ug:0b229844-6979-42c9-ab8d-17ba66d89635;lastnamedigit-20210907-073112.JPG;https://corporateola333.atlassian.net/secure/attachment/10005/lastnamedigit-20210907-073112.JPG,,,,,,{},,RE-1,,,,,0|i000vb:,,RE Sprint 1,,,,,,,,To Do
"'Last Name' field on 'Add New User' page, is accepting more than 50 characters",RE-111,10142,Bug,To Do,RE,Real Estate,software,Sakshi Junnare,612ef81b6a4c09006a9fe331,,Medium,,Sakshi Junnare,612ef81b6a4c09006a9fe331,Sakshi Junnare,612ef81b6a4c09006a9fe331,Sakshi Junnare,612ef81b6a4c09006a9fe331,08/Sep/21 4:55 AM,08/Sep/21 8:31 AM,08/Sep/21 4:56 AM,,,0,"'Last Name' field on 'Add New User' page, is accepting more than 50 characters.

Steps to reproduce :-

# Go to application
# Do log in process by using valid credentials
# Go to ‘Users’ module
# Go to ‘Add New User’ page by clicking on ‘Add New’ link under ‘Users’ module
# Verify ‘Last Name’ field with more than 50 characters 

Expected Result :-

'Last Name' field should not accept more than 50 characters.

Actual Result :-

'Last Name' field is accepting more than 50 characters.

!lastname-20210907-071507.JPG|width=100%!",,Sakshi Junnare,612ef81b6a4c09006a9fe331,,,,,,,,,RE-60,RE-79,,,,,,,,,,,,,,,,,,,,,,,,,,,,,,,,,,,,,,,,,,,,,,,,08/Sep/21 5:11 AM;ug:0b229844-6979-42c9-ab8d-17ba66d89635;lastname-20210907-071507.JPG;https://corporateola333.atlassian.net/secure/attachment/10004/lastname-20210907-071507.JPG,,,,,,{},,RE-1,,,,,0|i000v3:,,RE Sprint 1,,,,,,,,To Do
"'First Name' field on 'Add New User' page, is accepting special characters",RE-110,10141,Bug,To Do,RE,Real Estate,software,Sakshi Junnare,612ef81b6a4c09006a9fe331,,Medium,,Sakshi Junnare,612ef81b6a4c09006a9fe331,Sakshi Junnare,612ef81b6a4c09006a9fe331,Sakshi Junnare,612ef81b6a4c09006a9fe331,08/Sep/21 4:45 AM,08/Sep/21 8:26 AM,08/Sep/21 4:46 AM,,,0,"'First Name' field on 'Add New User' page, is accepting special characters.

Steps to reproduce :-

# Go to application
# Do log in process by using valid credentials
# Go to ‘Users’ module
# Go to ‘Add New User’ page by clicking on ‘Add New’ link under ‘Users’ module
# Verify ‘First Name’ field with special characters 

Expected Result :-

'First Name' field should not accept special characters.

Actual Result :-

'First Name' field is accepting special characters.

!fn-20210908-044145.JPG|width=100%!",,Sakshi Junnare,612ef81b6a4c09006a9fe331,,,,,,,,,RE-60,RE-77,,,,,,,,,,,,,,,,,,,,,,,,,,,,,,,,,,,,,,,,,,,,,,,,08/Sep/21 4:53 AM;ug:0b229844-6979-42c9-ab8d-17ba66d89635;fn-20210908-044145.JPG;https://corporateola333.atlassian.net/secure/attachment/10003/fn-20210908-044145.JPG,,,,,,{},,RE-1,,,,,0|i000uv:,,RE Sprint 1,,,,,,,,To Do
"'Email' field on 'Add New User' page, is accepting email id having trailing dot in the address",RE-109,10140,Bug,To Do,RE,Real Estate,software,Sakshi Junnare,612ef81b6a4c09006a9fe331,,Medium,,Sakshi Junnare,612ef81b6a4c09006a9fe331,Sakshi Junnare,612ef81b6a4c09006a9fe331,Sakshi Junnare,612ef81b6a4c09006a9fe331,08/Sep/21 4:16 AM,08/Sep/21 8:28 AM,08/Sep/21 4:18 AM,,,0,"Email field is accepting email id having trailing dot in the address.

Steps to reproduce :-

1.Go to application

2. Do the log in process by using valid credentials

3.Go to ‘Users’ module

4.Go to ‘Add New User’ page by clicking on ‘Add New’ link under ‘Users’ module

5.Verify ‘Email’ field with email id having trailing dot in the address

Expected result :-

Email field should not accept the email id having trailing dot in address.

Actual result :-

Email field is accepting the email id having trailing dot in address.



!emailtraildot-20210907-051310.JPG|width=100%!",,Sakshi Junnare,612ef81b6a4c09006a9fe331,,,,,,,,,RE-60,RE-72,,,,,,,,,,,,,,,,,,,,,,,,,,,,,,,,,,,,,,,,,,,,,,,,08/Sep/21 4:25 AM;ug:0b229844-6979-42c9-ab8d-17ba66d89635;emailtraildot-20210907-051310.JPG;https://corporateola333.atlassian.net/secure/attachment/10002/emailtraildot-20210907-051310.JPG,,,,,,{},,RE-1,,,,,0|i000un:,,RE Sprint 1,,,,,,,,To Do
"'Email' field on 'Add New User' page, is accepting email id having leading dot in the address",RE-108,10139,Bug,To Do,RE,Real Estate,software,Sakshi Junnare,612ef81b6a4c09006a9fe331,,Medium,,Sakshi Junnare,612ef81b6a4c09006a9fe331,Sakshi Junnare,612ef81b6a4c09006a9fe331,Sakshi Junnare,612ef81b6a4c09006a9fe331,08/Sep/21 3:47 AM,08/Sep/21 8:24 AM,08/Sep/21 3:47 AM,,,0,"Email field is accepting email id having leading dot in the address.

Steps to reproduce :-

1.Go to application

2. Do the log in process by using valid credentials

3.Go to ‘Users’ module

4.Go to ‘Add New User’ page by clicking on ‘Add New’ link under ‘Users’ module

5.Verify ‘Email’ field with email id having leading dot in the address

Expected result :-

Email field should not accept the email id having leading dot in address.

Actual result :-

Email field is accepting the email id having leading dot in address.

!emailleaddot-20210907-044719.JPG|width=100%!",,Sakshi Junnare,612ef81b6a4c09006a9fe331,,,,,,,,,RE-60,RE-71,,,,,,,,,,,,,,,,,,,,,,,,,,,,,,,,,,,,,,,,,,,,,,,,08/Sep/21 4:12 AM;ug:0b229844-6979-42c9-ab8d-17ba66d89635;emailleaddot-20210907-044719.JPG;https://corporateola333.atlassian.net/secure/attachment/10001/emailleaddot-20210907-044719.JPG,,,,,,{},,RE-1,,,,,0|i000uf:,,RE Sprint 1,,,,,,,,To Do
Verify 'Add New User' button with invalid email id provided by admin,RE-107,10138,Test,Done,RE,Real Estate,software,Sakshi Junnare,612ef81b6a4c09006a9fe331,,Medium,Done,Sakshi Junnare,612ef81b6a4c09006a9fe331,Sakshi Junnare,612ef81b6a4c09006a9fe331,Sakshi Junnare,612ef81b6a4c09006a9fe331,07/Sep/21 5:24 PM,08/Sep/21 10:02 AM,07/Sep/21 7:07 PM,08/Sep/21 10:02 AM,,0,‘Add New User’ button is available on ‘Add New User’ page,,Sakshi Junnare,612ef81b6a4c09006a9fe331,,,,,,,,,,,,,,,,,,,,,,,,,,,,,,,,,,,,,,,,,,,,,,,,,,,,,,,,,,,,,,,,{},,RE-1,,,,,0|i000u7:,,RE Sprint 1,,,,,,,,Done
Verify 'Add New User' button with invalid username provided by admin,RE-106,10137,Test,Done,RE,Real Estate,software,Sakshi Junnare,612ef81b6a4c09006a9fe331,,Medium,Done,Sakshi Junnare,612ef81b6a4c09006a9fe331,Sakshi Junnare,612ef81b6a4c09006a9fe331,Sakshi Junnare,612ef81b6a4c09006a9fe331,07/Sep/21 5:15 PM,08/Sep/21 10:02 AM,07/Sep/21 7:06 PM,08/Sep/21 10:02 AM,,0,‘Add New User’ button is available on ‘Add New User’ page,,Sakshi Junnare,612ef81b6a4c09006a9fe331,,,,,,,,,,,,,,,,,,,,,,,,,,,,,,,,,,,,,,,,,,,,,,,,,,,,,,,,,,,,,,,,{},,RE-1,,,,,0|i000tz:,,RE Sprint 1,,,,,,,,Done
Verify 'Add New User' button is properly working or not,RE-105,10136,Test,Done,RE,Real Estate,software,Sakshi Junnare,612ef81b6a4c09006a9fe331,,Medium,Done,Sakshi Junnare,612ef81b6a4c09006a9fe331,Sakshi Junnare,612ef81b6a4c09006a9fe331,Sakshi Junnare,612ef81b6a4c09006a9fe331,07/Sep/21 5:08 PM,08/Sep/21 10:02 AM,07/Sep/21 7:05 PM,08/Sep/21 10:02 AM,,0,‘Add New User’ button is available on ‘Add New User’ page,,Sakshi Junnare,612ef81b6a4c09006a9fe331,,,,,,,,,,,,,,,,,,,,,,,,,,,,,,,,,,,,,,,,,,,,,,,,,,,,,,,,,,,,,,,,{},,RE-1,,,,,0|i000tr:,,RE Sprint 1,,,,,,,,Done
Verify 'Add New User' button with empty username and email fields,RE-104,10135,Test,Done,RE,Real Estate,software,Sakshi Junnare,612ef81b6a4c09006a9fe331,,Medium,Done,Sakshi Junnare,612ef81b6a4c09006a9fe331,Sakshi Junnare,612ef81b6a4c09006a9fe331,Sakshi Junnare,612ef81b6a4c09006a9fe331,07/Sep/21 4:58 PM,08/Sep/21 10:02 AM,07/Sep/21 7:05 PM,08/Sep/21 10:02 AM,,0,‘Add New User’ button is available on ‘Add New User’ page,,Sakshi Junnare,612ef81b6a4c09006a9fe331,,,,,,,,,,,,,,,,,,,,,,,,,,,,,,,,,,,,,,,,,,,,,,,,,,,,,,,,,,,,,,,,{},,RE-1,,,,,0|i000tj:,,RE Sprint 1,,,,,,,,Done
Verify that checkbox of 'Send User Notification' field is by default selected,RE-103,10134,Test,Done,RE,Real Estate,software,Sakshi Junnare,612ef81b6a4c09006a9fe331,,Medium,Done,Sakshi Junnare,612ef81b6a4c09006a9fe331,Sakshi Junnare,612ef81b6a4c09006a9fe331,Sakshi Junnare,612ef81b6a4c09006a9fe331,07/Sep/21 4:50 PM,08/Sep/21 10:02 AM,08/Sep/21 6:37 AM,08/Sep/21 10:02 AM,,0,‘Send User Notification’ field is available in the form on ‘Add New User’ page,,Sakshi Junnare,612ef81b6a4c09006a9fe331,,,,,,,,,,,,,,,,,,,,,,,,,,,,,,,,,,,,,,,,,,,,,,,,,,,,,,,,,,,,,,,,{},,RE-1,,,,,0|i000tb:,,RE Sprint 1,,,,,,,,Done
Verify that 'Role' dropdown list is scrolled down by clicking down arrow key of the keyboard,RE-102,10133,Test,Done,RE,Real Estate,software,Sakshi Junnare,612ef81b6a4c09006a9fe331,,Medium,Done,Sakshi Junnare,612ef81b6a4c09006a9fe331,Sakshi Junnare,612ef81b6a4c09006a9fe331,Sakshi Junnare,612ef81b6a4c09006a9fe331,07/Sep/21 4:41 PM,08/Sep/21 10:02 AM,07/Sep/21 7:04 PM,08/Sep/21 10:02 AM,,0,‘Role’ list is available in the form on ‘Add New User’ page,,Sakshi Junnare,612ef81b6a4c09006a9fe331,,,,,,,,,,,,,,,,,,,,,,,,,,,,,,,,,,,,,,,,,,,,,,,,,,,,,,,,,,,,,,,,{},,RE-1,,,,,0|i000t3:,,RE Sprint 1,,,,,,,,Done
Verify 'Role' dropdown list having all the required options ,RE-101,10132,Test,Done,RE,Real Estate,software,Sakshi Junnare,612ef81b6a4c09006a9fe331,,Medium,Done,Sakshi Junnare,612ef81b6a4c09006a9fe331,Sakshi Junnare,612ef81b6a4c09006a9fe331,Sakshi Junnare,612ef81b6a4c09006a9fe331,07/Sep/21 4:32 PM,08/Sep/21 10:02 AM,07/Sep/21 7:03 PM,08/Sep/21 10:02 AM,,0,‘Role’ list is available in the form on ‘Add New User’ page,,Sakshi Junnare,612ef81b6a4c09006a9fe331,,,,,,,,,,,,,,,,,,,,,,,,,,,,,,,,,,,,,,,,,,,,,,,,,,,,,,,,,,,,,,,,{},,RE-1,,,,,0|i000sv:,,RE Sprint 1,,,,,,,,Done
Verify 'Role' dropdown list with default value as subscriber,RE-100,10131,Test,Done,RE,Real Estate,software,Sakshi Junnare,612ef81b6a4c09006a9fe331,,Medium,Done,Sakshi Junnare,612ef81b6a4c09006a9fe331,Sakshi Junnare,612ef81b6a4c09006a9fe331,Sakshi Junnare,612ef81b6a4c09006a9fe331,07/Sep/21 4:26 PM,08/Sep/21 10:02 AM,07/Sep/21 7:02 PM,08/Sep/21 10:02 AM,,0,‘Role’ list is available in the form on ‘Add New User’ page,,Sakshi Junnare,612ef81b6a4c09006a9fe331,,,,,,,,,,,,,,,,,,,,,,,,,,,,,,,,,,,,,,,,,,,,,,,,,,,,,,,,,,,,,,,,{},,RE-1,,,,,0|i000sn:,,RE Sprint 1,,,,,,,,Done
"Verify that the label of checkbox of 'Send User Notification' field, is correct or not as per requirement",RE-99,10130,Test,Done,RE,Real Estate,software,Sakshi Junnare,612ef81b6a4c09006a9fe331,,Medium,Done,Sakshi Junnare,612ef81b6a4c09006a9fe331,Sakshi Junnare,612ef81b6a4c09006a9fe331,Sakshi Junnare,612ef81b6a4c09006a9fe331,07/Sep/21 4:20 PM,08/Sep/21 10:02 AM,08/Sep/21 6:36 AM,08/Sep/21 10:02 AM,,0,‘Send User Notification’ field is available in the form on ‘Add New User’ page,,Sakshi Junnare,612ef81b6a4c09006a9fe331,,,,,,,,,,,,,,,,,,,,,,,,,,,,,,,,,,,,,,,,,,,,,,,,,,,,,,,,,,,,,,,,{},,RE-1,,,,,0|i000sf:,,RE Sprint 1,,,,,,,,Done
Verify that admin can select or deselect the checkbox of 'Send User Notification' field,RE-98,10129,Test,Done,RE,Real Estate,software,Sakshi Junnare,612ef81b6a4c09006a9fe331,,Medium,Done,Sakshi Junnare,612ef81b6a4c09006a9fe331,Sakshi Junnare,612ef81b6a4c09006a9fe331,Sakshi Junnare,612ef81b6a4c09006a9fe331,07/Sep/21 3:59 PM,08/Sep/21 10:01 AM,08/Sep/21 6:35 AM,08/Sep/21 10:01 AM,,0,‘Send User Notification’ field is available in the form on ‘Add New User’ page,,Sakshi Junnare,612ef81b6a4c09006a9fe331,,,,,,,,,,,,,,,,,,,,,,,,,,,,,,,,,,,,,,,,,,,,,,,,,,,,,,,,,,,,,,,,{},,RE-1,,,,,0|i000s7:,,RE Sprint 1,,,,,,,,Done
Verify 'strong' status of password field with string having length equal to or more than 11,RE-97,10128,Test,Done,RE,Real Estate,software,Sakshi Junnare,612ef81b6a4c09006a9fe331,,Medium,Done,Sakshi Junnare,612ef81b6a4c09006a9fe331,Sakshi Junnare,612ef81b6a4c09006a9fe331,Sakshi Junnare,612ef81b6a4c09006a9fe331,07/Sep/21 3:54 PM,08/Sep/21 10:01 AM,07/Sep/21 7:00 PM,08/Sep/21 10:01 AM,,0,‘password’ field is available in the form on ‘Add New User’ page,,Sakshi Junnare,612ef81b6a4c09006a9fe331,,,,,,,,,,,,,,,,,,,,,,,,,,,,,,,,,,,,,,,,,,,,,,,,,,,,,,,,,,,,,,,,{},,RE-1,,,,,0|i000rz:,,RE Sprint 1,,,,,,,,Done
Verify 'medium' status of password field with string having length equal to 9 or 10,RE-96,10127,Test,Done,RE,Real Estate,software,Sakshi Junnare,612ef81b6a4c09006a9fe331,,Medium,Done,Sakshi Junnare,612ef81b6a4c09006a9fe331,Sakshi Junnare,612ef81b6a4c09006a9fe331,Sakshi Junnare,612ef81b6a4c09006a9fe331,07/Sep/21 3:45 PM,08/Sep/21 10:01 AM,09/Sep/21 5:34 AM,08/Sep/21 10:01 AM,,0,‘password’ field is available in the form on ‘Add New User’ page,,Sakshi Junnare,612ef81b6a4c09006a9fe331,,,,,,,,,,,,,,,,,,,,,,,,,,,,,,,,,,,,,,,,,,,,,,,,,,,,,,,,,,,,,,,,{},,RE-1,,,,,0|i000rr:,,RE Sprint 1,,,,,,,,Done
Verify 'weak' status of password field with string having length equal to 7 or 8 ,RE-95,10126,Test,Done,RE,Real Estate,software,Sakshi Junnare,612ef81b6a4c09006a9fe331,,Medium,Done,Sakshi Junnare,612ef81b6a4c09006a9fe331,Sakshi Junnare,612ef81b6a4c09006a9fe331,Sakshi Junnare,612ef81b6a4c09006a9fe331,07/Sep/21 2:36 PM,08/Sep/21 10:01 AM,09/Sep/21 5:34 AM,08/Sep/21 10:01 AM,,0,‘password’ field is available in the form on ‘Add New User’ page,,Sakshi Junnare,612ef81b6a4c09006a9fe331,,,,,,,,,,,,,,,,,,,,,,,,,,,,,,,,,,,,,,,,,,,,,,,,,,,,,,,,,,,,,,,,{},,RE-1,,,,,0|i000rj:,,RE Sprint 1,,,,,,,,Done
Verify 'very weak' status of password field with string of any length having same character,RE-94,10125,Test,Done,RE,Real Estate,software,Sakshi Junnare,612ef81b6a4c09006a9fe331,,Medium,Done,Sakshi Junnare,612ef81b6a4c09006a9fe331,Sakshi Junnare,612ef81b6a4c09006a9fe331,Sakshi Junnare,612ef81b6a4c09006a9fe331,07/Sep/21 2:31 PM,08/Sep/21 10:01 AM,09/Sep/21 5:34 AM,08/Sep/21 10:01 AM,,0,‘password’ field is available in the form on ‘Add New User’ page,,Sakshi Junnare,612ef81b6a4c09006a9fe331,,,,,,,,,,,,,,,,,,,,,,,,,,,,,,,,,,,,,,,,,,,,,,,,,,,,,,,,,,,,,,,,{},,RE-1,,,,,0|i000rb:,,RE Sprint 1,,,,,,,,Done
Verify 'very weak' status of password field with string of length equal to or less than 6,RE-93,10124,Test,Done,RE,Real Estate,software,Sakshi Junnare,612ef81b6a4c09006a9fe331,,Medium,Done,Sakshi Junnare,612ef81b6a4c09006a9fe331,Sakshi Junnare,612ef81b6a4c09006a9fe331,Sakshi Junnare,612ef81b6a4c09006a9fe331,07/Sep/21 12:42 PM,08/Sep/21 10:01 AM,09/Sep/21 5:34 AM,08/Sep/21 10:01 AM,,0,‘password’ field is available in the form on ‘Add New User’ page,,Sakshi Junnare,612ef81b6a4c09006a9fe331,,,,,,,,,,,,,,,,,,,,,,,,,,,,,,,,,,,,,,,,,,,,,,,,,,,,,,,,,,,,,,,,{},,RE-1,,,,,0|i000r3:,,RE Sprint 1,,,,,,,,Done
"Verify that after clicking on 'Cancel' button, only 'show password' button is visible in the password field",RE-92,10123,Test,Done,RE,Real Estate,software,Sakshi Junnare,612ef81b6a4c09006a9fe331,,Medium,Done,Sakshi Junnare,612ef81b6a4c09006a9fe331,Sakshi Junnare,612ef81b6a4c09006a9fe331,Sakshi Junnare,612ef81b6a4c09006a9fe331,07/Sep/21 12:36 PM,08/Sep/21 10:01 AM,09/Sep/21 5:34 AM,08/Sep/21 10:01 AM,,0,‘Cancel' button is present in ‘password’ field on ‘Add New User’ page. ,,Sakshi Junnare,612ef81b6a4c09006a9fe331,,,,,,,,,,,,,,,,,,,,,,,,,,,,,,,,,,,,,,,,,,,,,,,,,,,,,,,,,,,,,,,,{},,RE-1,,,,,0|i000qv:,,RE Sprint 1,,,,,,,,Done
"Verify that after clicking on 'Hide' button, each character of password in the textbox, is getting displayed as solid circle",RE-91,10122,Test,Done,RE,Real Estate,software,Sakshi Junnare,612ef81b6a4c09006a9fe331,,Medium,Done,Sakshi Junnare,612ef81b6a4c09006a9fe331,Sakshi Junnare,612ef81b6a4c09006a9fe331,Sakshi Junnare,612ef81b6a4c09006a9fe331,07/Sep/21 12:25 PM,08/Sep/21 10:01 AM,09/Sep/21 5:34 AM,08/Sep/21 10:01 AM,,0,‘Hide' button is present in ‘password’ field on ‘Add New User’ page. ,,Sakshi Junnare,612ef81b6a4c09006a9fe331,,,,,,,,,,,,,,,,,,,,,,,,,,,,,,,,,,,,,,,,,,,,,,,,,,,,,,,,,,,,,,,,{},,RE-1,,,,,0|i000qn:,,RE Sprint 1,,,,,,,,Done
"Verify that after clicking on 'Show password' button, default password is provided in the textbox of password field",RE-90,10121,Test,Done,RE,Real Estate,software,Sakshi Junnare,612ef81b6a4c09006a9fe331,,Medium,Done,Sakshi Junnare,612ef81b6a4c09006a9fe331,Sakshi Junnare,612ef81b6a4c09006a9fe331,Sakshi Junnare,612ef81b6a4c09006a9fe331,07/Sep/21 12:11 PM,08/Sep/21 10:01 AM,09/Sep/21 5:34 AM,08/Sep/21 10:01 AM,,0,‘show password ' button is present in ‘password’ field on ‘Add New User’ page. ,,Sakshi Junnare,612ef81b6a4c09006a9fe331,,,,,,,,,,,,,,,,,,,,,,,,,,,,,,,,,,,,,,,,,,,,,,,,,,,,,,,,,,,,,,,,{},,RE-1,,,,,0|i000qf:,,RE Sprint 1,,,,,,,,Done
"Verify that after clicking on 'Show password' button, it is getting replaced by required components ",RE-89,10120,Test,Done,RE,Real Estate,software,Sakshi Junnare,612ef81b6a4c09006a9fe331,,Medium,Done,Sakshi Junnare,612ef81b6a4c09006a9fe331,Sakshi Junnare,612ef81b6a4c09006a9fe331,Sakshi Junnare,612ef81b6a4c09006a9fe331,07/Sep/21 12:00 PM,08/Sep/21 10:01 AM,09/Sep/21 5:34 AM,08/Sep/21 10:01 AM,,0,‘show password ' button is present in ‘password’ field on ‘Add New User’ page. ,,Sakshi Junnare,612ef81b6a4c09006a9fe331,,,,,,,,,,,,,,,,,,,,,,,,,,,,,,,,,,,,,,,,,,,,,,,,,,,,,,,,,,,,,,,,{},,RE-1,,,,,0|i000q7:,,RE Sprint 1,,,,,,,,Done
Verify 'Password' field showing button named as 'Show password',RE-88,10119,Test,Done,RE,Real Estate,software,Sakshi Junnare,612ef81b6a4c09006a9fe331,,Medium,Done,Sakshi Junnare,612ef81b6a4c09006a9fe331,Sakshi Junnare,612ef81b6a4c09006a9fe331,Sakshi Junnare,612ef81b6a4c09006a9fe331,07/Sep/21 11:38 AM,08/Sep/21 10:01 AM,09/Sep/21 5:34 AM,08/Sep/21 10:01 AM,,0,‘Password’ field is available in the form which is on ‘Add New User’ page. ,,Sakshi Junnare,612ef81b6a4c09006a9fe331,,,,,,,,,,,,,,,,,,,,,,,,,,,,,,,,,,,,,,,,,,,,,,,,,,,,,,,,,,,,,,,,{},,RE-1,,,,,0|i000pz:,,RE Sprint 1,,,,,,,,Done
Verify that 'Website' field is getting focused when admin clicks on website field textbox,RE-87,10118,Test,Done,RE,Real Estate,software,Sakshi Junnare,612ef81b6a4c09006a9fe331,,Medium,Done,Sakshi Junnare,612ef81b6a4c09006a9fe331,Sakshi Junnare,612ef81b6a4c09006a9fe331,Sakshi Junnare,612ef81b6a4c09006a9fe331,07/Sep/21 11:28 AM,08/Sep/21 10:01 AM,09/Sep/21 5:34 AM,08/Sep/21 10:01 AM,,0,‘Website’ field is available in the form which is on ‘Add New User’ page. ,,Sakshi Junnare,612ef81b6a4c09006a9fe331,,,,,,,,,,,,,,,,,,,,,,,,,,,,,,,,,,,,,,,,,,,,,,,,,,,,,,,,,,,,,,,,{},,RE-1,,,,,0|i000pr:,,RE Sprint 1,,,,,,,,Done
Verify 'Website' field with url having valid special characters ,RE-86,10117,Test,Done,RE,Real Estate,software,Sakshi Junnare,612ef81b6a4c09006a9fe331,,Medium,Done,Sakshi Junnare,612ef81b6a4c09006a9fe331,Sakshi Junnare,612ef81b6a4c09006a9fe331,Sakshi Junnare,612ef81b6a4c09006a9fe331,07/Sep/21 10:57 AM,08/Sep/21 10:01 AM,09/Sep/21 5:34 AM,08/Sep/21 10:01 AM,,0,"‘Website’ field is available in the form which is on ‘Add New User’ page. 

valid special characters for url can be any special character except \!,@,(,),\{,},\\ ,etc.",,Sakshi Junnare,612ef81b6a4c09006a9fe331,,,,,,,,,,,,,,,,,,,,,,,,,,,,,,,,,,,,,,,,,,,,,,,,,,,,,,,,,,,,,,,,{},,RE-1,,,,,0|i000pj:,,RE Sprint 1,,,,,,,,Done
Verify 'Website' field by entering valid input,RE-85,10116,Test,Done,RE,Real Estate,software,Sakshi Junnare,612ef81b6a4c09006a9fe331,,Medium,Done,Sakshi Junnare,612ef81b6a4c09006a9fe331,Sakshi Junnare,612ef81b6a4c09006a9fe331,Sakshi Junnare,612ef81b6a4c09006a9fe331,07/Sep/21 10:51 AM,08/Sep/21 10:01 AM,09/Sep/21 5:34 AM,08/Sep/21 10:01 AM,,0,‘Website’ field is available in the form which is on ‘Add New User’ page,,Sakshi Junnare,612ef81b6a4c09006a9fe331,,,,,,,,,,,,,,,,,,,,,,,,,,,,,,,,,,,,,,,,,,,,,,,,,,,,,,,,,,,,,,,,{},,RE-1,,,,,0|i000pb:,,RE Sprint 1,,,,,,,,Done
"Verify that 'Website' field is adding protocol name before the input value entered in the website field, if admin has not entered protocol name in the website field ",RE-84,10115,Test,Done,RE,Real Estate,software,Sakshi Junnare,612ef81b6a4c09006a9fe331,,Medium,Done,Sakshi Junnare,612ef81b6a4c09006a9fe331,Sakshi Junnare,612ef81b6a4c09006a9fe331,Sakshi Junnare,612ef81b6a4c09006a9fe331,07/Sep/21 9:23 AM,08/Sep/21 10:01 AM,09/Sep/21 5:34 AM,08/Sep/21 10:01 AM,,0,‘Website’ field is available in the form which is on ‘Add New User’ page,,Sakshi Junnare,612ef81b6a4c09006a9fe331,,,,,,,,,,,,,,,,,,,,,,,,,,,,,,,,,,,,,,,,,,,,,,,,,,,,,,,,,,,,,,,,{},,RE-1,,,,,0|i000p3:,,RE Sprint 1,,,,,,,,Done
Verify that first name and last name of newly added user are displayed as a combined text having one space between them and under 'Name' column of the table of user records on 'Users' page,RE-83,10114,Test,Done,RE,Real Estate,software,Sakshi Junnare,612ef81b6a4c09006a9fe331,,Medium,Done,Sakshi Junnare,612ef81b6a4c09006a9fe331,Sakshi Junnare,612ef81b6a4c09006a9fe331,Sakshi Junnare,612ef81b6a4c09006a9fe331,07/Sep/21 8:59 AM,08/Sep/21 10:01 AM,09/Sep/21 5:34 AM,08/Sep/21 10:01 AM,,0,,,Sakshi Junnare,612ef81b6a4c09006a9fe331,,,,,,,,,,,,,,,,,,,,,,,,,,,,,,,,,,,,,,,,,,,,,,,,,,,,,,,,,,,,,,,,{},,RE-1,,,,,0|i000ov:,,RE Sprint 1,,,,,,,,Done
Verify that admin is able to paste the value in 'Last Name' text field,RE-82,10113,Test,Done,RE,Real Estate,software,Sakshi Junnare,612ef81b6a4c09006a9fe331,,Medium,Done,Sakshi Junnare,612ef81b6a4c09006a9fe331,Sakshi Junnare,612ef81b6a4c09006a9fe331,Sakshi Junnare,612ef81b6a4c09006a9fe331,07/Sep/21 8:48 AM,08/Sep/21 10:01 AM,09/Sep/21 5:34 AM,08/Sep/21 10:01 AM,,0,‘Last Name’ field is available in the form which is on ‘Add New User’ page,,Sakshi Junnare,612ef81b6a4c09006a9fe331,,,,,,,,,,,,,,,,,,,,,,,,,,,,,,,,,,,,,,,,,,,,,,,,,,,,,,,,,,,,,,,,{},,RE-1,,,,,0|i000on:,,RE Sprint 1,,,,,,,,Done
Verify 'Last Name' field with only digits as input,RE-81,10112,Test,Blocked,RE,Real Estate,software,Sakshi Junnare,612ef81b6a4c09006a9fe331,,Medium,,Sakshi Junnare,612ef81b6a4c09006a9fe331,Sakshi Junnare,612ef81b6a4c09006a9fe331,Sakshi Junnare,612ef81b6a4c09006a9fe331,07/Sep/21 7:26 AM,08/Sep/21 9:59 AM,08/Sep/21 5:13 AM,,,0,‘Last Name’ field is available in the form which is on ‘Add New User’ page,,Sakshi Junnare,612ef81b6a4c09006a9fe331,,,,,,,,,,RE-112,,,,,,,,,,,,,,,,,,,,,,,,,,,,,,,,,,,,,,,,,,,,,,,,,,,,,,{},,RE-1,,,,,0|i000of:,,RE Sprint 1,,,,,,,,In Progress
Verify that the cursor blinks or not when click in the text box of 'Last Name' field,RE-80,10111,Test,Done,RE,Real Estate,software,Sakshi Junnare,612ef81b6a4c09006a9fe331,,Medium,Done,Sakshi Junnare,612ef81b6a4c09006a9fe331,Sakshi Junnare,612ef81b6a4c09006a9fe331,Sakshi Junnare,612ef81b6a4c09006a9fe331,07/Sep/21 7:16 AM,08/Sep/21 10:01 AM,09/Sep/21 5:34 AM,08/Sep/21 10:01 AM,,0,‘Last Name’ field is available in the form which is on ‘Add New User’ page,,Sakshi Junnare,612ef81b6a4c09006a9fe331,,,,,,,,,,,,,,,,,,,,,,,,,,,,,,,,,,,,,,,,,,,,,,,,,,,,,,,,,,,,,,,,{},,RE-1,,,,,0|i000o7:,,RE Sprint 1,,,,,,,,Done
Verify 'Last Name' field with 51 characters,RE-79,10110,Test,Blocked,RE,Real Estate,software,Sakshi Junnare,612ef81b6a4c09006a9fe331,,Medium,,Sakshi Junnare,612ef81b6a4c09006a9fe331,Sakshi Junnare,612ef81b6a4c09006a9fe331,Sakshi Junnare,612ef81b6a4c09006a9fe331,07/Sep/21 6:59 AM,08/Sep/21 9:58 AM,08/Sep/21 4:56 AM,,,0,‘Last Name’ field is available in the form which is on ‘Add New User’ page,,Sakshi Junnare,612ef81b6a4c09006a9fe331,,,,,,,,,,RE-111,,,,,,,,,,,,,,,,,,,,,,,,,,,,,,,,,,,,,,,,,,,,,,,,,,,,,,{},,RE-1,,,,,0|i000nz:,,RE Sprint 1,,,,,,,,In Progress
Verify 'First Name' text field is blank or not by default,RE-78,10109,Test,Done,RE,Real Estate,software,Sakshi Junnare,612ef81b6a4c09006a9fe331,,Medium,Done,Sakshi Junnare,612ef81b6a4c09006a9fe331,Sakshi Junnare,612ef81b6a4c09006a9fe331,Sakshi Junnare,612ef81b6a4c09006a9fe331,07/Sep/21 6:53 AM,08/Sep/21 10:00 AM,09/Sep/21 5:34 AM,08/Sep/21 10:00 AM,,0,‘First Name’ field is available in the form which is on ‘Add New User’ page,,Sakshi Junnare,612ef81b6a4c09006a9fe331,,,,,,,,,,,,,,,,,,,,,,,,,,,,,,,,,,,,,,,,,,,,,,,,,,,,,,,,,,,,,,,,{},,RE-1,,,,,0|i000nr:,,RE Sprint 1,,,,,,,,Done
Verify 'First Name' field with special characters,RE-77,10108,Test,Blocked,RE,Real Estate,software,Sakshi Junnare,612ef81b6a4c09006a9fe331,,Medium,,Sakshi Junnare,612ef81b6a4c09006a9fe331,Sakshi Junnare,612ef81b6a4c09006a9fe331,Sakshi Junnare,612ef81b6a4c09006a9fe331,07/Sep/21 6:37 AM,08/Sep/21 9:58 AM,08/Sep/21 4:29 AM,,,0,‘First Name’ field is available in the form which is on ‘Add New User’ page,,Sakshi Junnare,612ef81b6a4c09006a9fe331,,,,,,,,,,RE-110,,,,,,,,,,,,,,,,,,,,,,,,,,,,,,,,,,,,,,,,,,,,,,,,,,,,,,{},,RE-1,,,,,0|i000nj:,,RE Sprint 1,,,,,,,,In Progress
Verify 'First Name' field with 51 characters,RE-76,10107,Test,Done,RE,Real Estate,software,Sakshi Junnare,612ef81b6a4c09006a9fe331,,Medium,Done,Sakshi Junnare,612ef81b6a4c09006a9fe331,Sakshi Junnare,612ef81b6a4c09006a9fe331,Sakshi Junnare,612ef81b6a4c09006a9fe331,07/Sep/21 6:24 AM,08/Sep/21 10:00 AM,09/Sep/21 5:34 AM,08/Sep/21 10:00 AM,,0,‘First Name’ field is available in the form which is on ‘Add New User’ page,,Sakshi Junnare,612ef81b6a4c09006a9fe331,,,,,,,,,,,,,,,,,,,,,,,,,,,,,,,,,,,,,,,,,,,,,,,,,,,,,,,,,,,,,,,,{},,RE-1,,,,,0|i000nb:,,RE Sprint 1,,,,,,,,Done
Verify 'First Name' field with alphanumeric value,RE-75,10106,Test,Done,RE,Real Estate,software,Sakshi Junnare,612ef81b6a4c09006a9fe331,,Medium,Done,Sakshi Junnare,612ef81b6a4c09006a9fe331,Sakshi Junnare,612ef81b6a4c09006a9fe331,Sakshi Junnare,612ef81b6a4c09006a9fe331,07/Sep/21 6:09 AM,08/Sep/21 10:00 AM,09/Sep/21 5:34 AM,08/Sep/21 10:00 AM,,0,‘First Name’ field is available in the form which is on ‘Add New User’ page,,Sakshi Junnare,612ef81b6a4c09006a9fe331,,,,,,,,,,,,,,,,,,,,,,,,,,,,,,,,,,,,,,,,,,,,,,,,,,,,,,,,,,,,,,,,{},,RE-1,,,,,0|i000n3:,,RE Sprint 1,,,,,,,,Done
Verify 'Email' field with missing @ sign and domain,RE-74,10105,Test,Done,RE,Real Estate,software,Sakshi Junnare,612ef81b6a4c09006a9fe331,,Medium,Done,Sakshi Junnare,612ef81b6a4c09006a9fe331,Sakshi Junnare,612ef81b6a4c09006a9fe331,Sakshi Junnare,612ef81b6a4c09006a9fe331,07/Sep/21 6:01 AM,08/Sep/21 10:00 AM,09/Sep/21 5:34 AM,08/Sep/21 10:00 AM,,0,‘Email’ field is available in the form which is on ‘Add New User’ page,,Sakshi Junnare,612ef81b6a4c09006a9fe331,,,,,,,,,,,,,,,,,,,,,,,,,,,,,,,,,,,,,,,,,,,,,,,,,,,,,,,,,,,,,,,,{},,RE-1,,,,,0|i000mv:,,RE Sprint 1,,,,,,,,Done
Verify 'Email' field with only digits in address,RE-73,10104,Test,Done,RE,Real Estate,software,Sakshi Junnare,612ef81b6a4c09006a9fe331,,Medium,Done,Sakshi Junnare,612ef81b6a4c09006a9fe331,Sakshi Junnare,612ef81b6a4c09006a9fe331,Sakshi Junnare,612ef81b6a4c09006a9fe331,07/Sep/21 5:20 AM,08/Sep/21 10:00 AM,09/Sep/21 5:34 AM,08/Sep/21 10:00 AM,,0,‘Email’ field is available in the form which is on ‘Add New User’ page,,Sakshi Junnare,612ef81b6a4c09006a9fe331,,,,,,,,,,,,,,,,,,,,,,,,,,,,,,,,,,,,,,,,,,,,,,,,,,,,,,,,,,,,,,,,{},,RE-1,,,,,0|i000mn:,,RE Sprint 1,,,,,,,,Done
Verify 'Email' field with trailing dot(.) in address,RE-72,10103,Test,Blocked,RE,Real Estate,software,Sakshi Junnare,612ef81b6a4c09006a9fe331,,Medium,,Sakshi Junnare,612ef81b6a4c09006a9fe331,Sakshi Junnare,612ef81b6a4c09006a9fe331,Sakshi Junnare,612ef81b6a4c09006a9fe331,07/Sep/21 4:49 AM,08/Sep/21 9:58 AM,08/Sep/21 4:18 AM,,,0,‘Email’ field is available in the form which is on ‘Add New User’ page,,Sakshi Junnare,612ef81b6a4c09006a9fe331,,,,,,,,,,RE-109,,,,,,,,,,,,,,,,,,,,,,,,,,,,,,,,,,,,,,,,,,,,,,,,,,,,,,{},,RE-1,,,,,0|i000mf:,,RE Sprint 1,,,,,,,,In Progress
Verify 'Email' field with leading dot(.) in address,RE-71,10102,Test,Blocked,RE,Real Estate,software,Sakshi Junnare,612ef81b6a4c09006a9fe331,,Medium,,Sakshi Junnare,612ef81b6a4c09006a9fe331,Sakshi Junnare,612ef81b6a4c09006a9fe331,Sakshi Junnare,612ef81b6a4c09006a9fe331,07/Sep/21 3:59 AM,08/Sep/21 9:58 AM,08/Sep/21 3:33 AM,,,0,‘Email’ field is available in the form which is on ‘Add New User’ page,,Sakshi Junnare,612ef81b6a4c09006a9fe331,,,,,,,,,,RE-108,,,,,,,,,,,,,,,,,,,,,,,,,,,,,,,,,,,,,,,,,,,,,,,,,,,,,,{},,RE-1,,,,,0|i000m7:,,RE Sprint 1,,,,,,,,In Progress
Verify 'Email' field as mandatory field,RE-70,10101,Test,Done,RE,Real Estate,software,Sakshi Junnare,612ef81b6a4c09006a9fe331,,Medium,Done,Sakshi Junnare,612ef81b6a4c09006a9fe331,Sakshi Junnare,612ef81b6a4c09006a9fe331,Sakshi Junnare,612ef81b6a4c09006a9fe331,07/Sep/21 3:47 AM,08/Sep/21 10:00 AM,09/Sep/21 5:34 AM,08/Sep/21 10:00 AM,,0,‘Email’ field is available in the form which is on ‘Add New User’ page,,Sakshi Junnare,612ef81b6a4c09006a9fe331,,,,,,,,,,,,,,,,,,,,,,,,,,,,,,,,,,,,,,,,,,,,,,,,,,,,,,,,,,,,,,,,{},,RE-1,,,,,0|i000lz:,,RE Sprint 1,,,,,,,,Done
Verify 'Username' text field as mandatory field,RE-69,10100,Test,Done,RE,Real Estate,software,Sakshi Junnare,612ef81b6a4c09006a9fe331,,Medium,Done,Sakshi Junnare,612ef81b6a4c09006a9fe331,Sakshi Junnare,612ef81b6a4c09006a9fe331,Sakshi Junnare,612ef81b6a4c09006a9fe331,07/Sep/21 3:31 AM,08/Sep/21 10:00 AM,09/Sep/21 5:34 AM,08/Sep/21 10:00 AM,,0,‘Username’ text field is available in the form which is on ‘Add New User’ page,,Sakshi Junnare,612ef81b6a4c09006a9fe331,,,,,,,,,,,,,,,,,,,,,,,,,,,,,,,,,,,,,,,,,,,,,,,,,,,,,,,,,,,,,,,,{},,RE-1,,,,,0|i000lr:,,RE Sprint 1,,,,,,,,Done
Verify 'Username' text field with input value containing invalid special characters,RE-68,10099,Test,Done,RE,Real Estate,software,Sakshi Junnare,612ef81b6a4c09006a9fe331,,Medium,Done,Sakshi Junnare,612ef81b6a4c09006a9fe331,Sakshi Junnare,612ef81b6a4c09006a9fe331,Sakshi Junnare,612ef81b6a4c09006a9fe331,06/Sep/21 6:29 PM,08/Sep/21 10:00 AM,09/Sep/21 5:34 AM,08/Sep/21 10:00 AM,,0,‘Username’ text field is available in the form which is on ‘Add New User’ page,,Sakshi Junnare,612ef81b6a4c09006a9fe331,,,,,,,,,,,,,,,,,,,,,,,,,,,,,,,,,,,,,,,,,,,,,,,,,,,,,,,,,,,,,,,,{},,RE-1,,,,,0|i000lj:,,RE Sprint 1,,,,,,,,Done
Verify 'Username' text field with input value containing valid special characters,RE-67,10098,Test,Done,RE,Real Estate,software,Sakshi Junnare,612ef81b6a4c09006a9fe331,,Medium,Done,Sakshi Junnare,612ef81b6a4c09006a9fe331,Sakshi Junnare,612ef81b6a4c09006a9fe331,Sakshi Junnare,612ef81b6a4c09006a9fe331,06/Sep/21 6:22 PM,08/Sep/21 10:00 AM,09/Sep/21 5:34 AM,08/Sep/21 10:00 AM,,0,‘Username’ text field is available in the form which is on ‘Add New User’ page,,Sakshi Junnare,612ef81b6a4c09006a9fe331,,,,,,,,,,,,,,,,,,,,,,,,,,,,,,,,,,,,,,,,,,,,,,,,,,,,,,,,,,,,,,,,{},,RE-1,,,,,0|i000lb:,,RE Sprint 1,,,,,,,,Done
Verify 'Username' text field with alphanumeric value,RE-66,10097,Test,Done,RE,Real Estate,software,Sakshi Junnare,612ef81b6a4c09006a9fe331,,Medium,Done,Sakshi Junnare,612ef81b6a4c09006a9fe331,Sakshi Junnare,612ef81b6a4c09006a9fe331,Sakshi Junnare,612ef81b6a4c09006a9fe331,06/Sep/21 6:15 PM,08/Sep/21 10:00 AM,09/Sep/21 5:34 AM,08/Sep/21 10:00 AM,,0,‘Username’ text field is available in the form which is on ‘Add New User’ page,,Sakshi Junnare,612ef81b6a4c09006a9fe331,,,,,,,,,,,,,,,,,,,,,,,,,,,,,,,,,,,,,,,,,,,,,,,,,,,,,,,,,,,,,,,,{},,RE-1,,,,,0|i000l3:,,RE Sprint 1,,,,,,,,Done
Verify 'Username' text field with 61 characters,RE-65,10096,Test,Done,RE,Real Estate,software,Sakshi Junnare,612ef81b6a4c09006a9fe331,,Medium,Done,Sakshi Junnare,612ef81b6a4c09006a9fe331,Sakshi Junnare,612ef81b6a4c09006a9fe331,Sakshi Junnare,612ef81b6a4c09006a9fe331,06/Sep/21 6:00 PM,08/Sep/21 10:00 AM,09/Sep/21 5:34 AM,08/Sep/21 10:00 AM,,0,‘Username’ text field is available in the form which is on ‘Add New User’ page,,Sakshi Junnare,612ef81b6a4c09006a9fe331,,,,,,,,,,,,,,,,,,,,,,,,,,,,,,,,,,,,,,,,,,,,,,,,,,,,,,,,,,,,,,,,{},,RE-1,,,,,0|i000kv:,,RE Sprint 1,,,,,,,,Done
Verify 'Username' text field with null value ,RE-64,10095,Test,Done,RE,Real Estate,software,Sakshi Junnare,612ef81b6a4c09006a9fe331,,Medium,Done,Sakshi Junnare,612ef81b6a4c09006a9fe331,Sakshi Junnare,612ef81b6a4c09006a9fe331,Sakshi Junnare,612ef81b6a4c09006a9fe331,06/Sep/21 5:38 PM,08/Sep/21 10:00 AM,09/Sep/21 5:34 AM,08/Sep/21 10:00 AM,,0,‘Username’ text field is available in the form which is on ‘Add New User’ page,,Sakshi Junnare,612ef81b6a4c09006a9fe331,,,,,,,,,,,,,,,,,,,,,,,,,,,,,,,,,,,,,,,,,,,,,,,,,,,,,,,,,,,,,,,,{},,RE-1,,,,,0|i000kn:,,RE Sprint 1,,,,,,,,Done
"Verify that after clicking on 'Add New' link , required page is displayed  ",RE-63,10094,Test,Done,RE,Real Estate,software,Sakshi Junnare,612ef81b6a4c09006a9fe331,,Medium,Done,Sakshi Junnare,612ef81b6a4c09006a9fe331,Sakshi Junnare,612ef81b6a4c09006a9fe331,Sakshi Junnare,612ef81b6a4c09006a9fe331,06/Sep/21 5:26 PM,08/Sep/21 10:00 AM,09/Sep/21 5:34 AM,08/Sep/21 10:00 AM,,0,‘Add New’ link is available under ‘Users’ module ,,Sakshi Junnare,612ef81b6a4c09006a9fe331,,,,,,,,,,,,,,,,,,,,,,,,,,,,,,,,,,,,,,,,,,,,,,,,,,,,,,,,,,,,,,,,{},,RE-1,,,,,0|i000kf:,,RE Sprint 1,,,,,,,,Done
"Verify that 'Add New' button on 'Users' page, is navigating to required page or not ",RE-62,10093,Test,Done,RE,Real Estate,software,Sakshi Junnare,612ef81b6a4c09006a9fe331,,Medium,Done,Sakshi Junnare,612ef81b6a4c09006a9fe331,Sakshi Junnare,612ef81b6a4c09006a9fe331,Sakshi Junnare,612ef81b6a4c09006a9fe331,06/Sep/21 5:17 PM,08/Sep/21 10:00 AM,09/Sep/21 5:34 AM,08/Sep/21 10:00 AM,,0,,,Sakshi Junnare,612ef81b6a4c09006a9fe331,,,,,,,,,,,,,,,,,,,,,,,,,,,,,,,,,,,,,,,,,,,,,,,,,,,,,,,,,,,,,,,,{},,RE-1,,,,,0|i000k7:,,RE Sprint 1,,,,,,,,Done
Verify the availability of 'Add New' button on 'Users' page,RE-61,10092,Test,Done,RE,Real Estate,software,Sakshi Junnare,612ef81b6a4c09006a9fe331,,Medium,Done,Sakshi Junnare,612ef81b6a4c09006a9fe331,Sakshi Junnare,612ef81b6a4c09006a9fe331,Sakshi Junnare,612ef81b6a4c09006a9fe331,06/Sep/21 5:01 PM,08/Sep/21 10:00 AM,09/Sep/21 5:34 AM,08/Sep/21 10:00 AM,,0,,,Sakshi Junnare,612ef81b6a4c09006a9fe331,,,,,,,,,,,,,,,,,,,,,,,,,,,,,,,,,,,,,,,,,,,,,,,,,,,,,,,,,,,,,,,,{},,RE-1,,,,,0|i000jz:,,RE Sprint 1,,,,,,,,Done
"As an admin, I want to add new user into the 'Real Estate' application so that I can create profile of new user on the application",RE-60,10091,Story,Blocked,RE,Real Estate,software,Sakshi Junnare,612ef81b6a4c09006a9fe331,,Medium,,Sakshi Junnare,612ef81b6a4c09006a9fe331,Sakshi Junnare,612ef81b6a4c09006a9fe331,Sakshi Junnare,612ef81b6a4c09006a9fe331,06/Sep/21 4:59 PM,08/Sep/21 11:02 AM,08/Sep/21 11:09 AM,,,0,,,Sakshi Junnare,612ef81b6a4c09006a9fe331,,,,,,,,,,RE-61,RE-62,RE-63,RE-64,RE-65,RE-66,RE-67,RE-68,RE-69,RE-70,RE-71,RE-72,RE-73,RE-74,RE-75,RE-76,RE-77,RE-78,RE-79,RE-80,RE-81,RE-82,RE-83,RE-84,RE-85,RE-86,RE-87,RE-88,RE-89,RE-90,RE-91,RE-92,RE-93,RE-94,RE-95,RE-96,RE-97,RE-98,RE-99,RE-100,RE-101,RE-102,RE-103,RE-104,RE-105,RE-106,RE-107,RE-114,,,,,,,{},,RE-1,,,,,0|i000i3:,,RE Sprint 1,,,,,,,,In Progress
Verify that forward and backward arrows of pagination are properly working or not,RE-59,10090,Test,Done,RE,Real Estate,software,Sakshi Junnare,612ef81b6a4c09006a9fe331,,Medium,Done,Sakshi Junnare,612ef81b6a4c09006a9fe331,Sakshi Junnare,612ef81b6a4c09006a9fe331,Sakshi Junnare,612ef81b6a4c09006a9fe331,06/Sep/21 12:51 PM,08/Sep/21 9:56 AM,09/Sep/21 5:34 AM,08/Sep/21 9:56 AM,,0,,,Sakshi Junnare,612ef81b6a4c09006a9fe331,,,,,,,,,,,,,,,,,,,,,,,,,,,,,,,,,,,,,,,,,,,,,,,,,,,,,,,,,,,,,,,,{},,RE-1,,,,,0|i000jr:,,RE Sprint 1,,,,,,,,Done
"Verify that last two arrows in pagination, are inactivated or not when admin is on last page of pagination on 'Users' page",RE-58,10089,Test,Done,RE,Real Estate,software,Sakshi Junnare,612ef81b6a4c09006a9fe331,,Medium,Done,Sakshi Junnare,612ef81b6a4c09006a9fe331,Sakshi Junnare,612ef81b6a4c09006a9fe331,Sakshi Junnare,612ef81b6a4c09006a9fe331,06/Sep/21 12:45 PM,08/Sep/21 9:56 AM,09/Sep/21 5:34 AM,08/Sep/21 9:56 AM,,0,,,Sakshi Junnare,612ef81b6a4c09006a9fe331,,,,,,,,,,,,,,,,,,,,,,,,,,,,,,,,,,,,,,,,,,,,,,,,,,,,,,,,,,,,,,,,{},,RE-1,,,,,0|i000jj:,,RE Sprint 1,,,,,,,,Done
Verify that 1st two arrows in pagination are inactivated or not when admin is on 1st page of pagination on 'Users' page,RE-57,10088,Test,Done,RE,Real Estate,software,Sakshi Junnare,612ef81b6a4c09006a9fe331,,Medium,Done,Sakshi Junnare,612ef81b6a4c09006a9fe331,Sakshi Junnare,612ef81b6a4c09006a9fe331,Sakshi Junnare,612ef81b6a4c09006a9fe331,06/Sep/21 12:31 PM,08/Sep/21 9:56 AM,09/Sep/21 5:34 AM,08/Sep/21 9:56 AM,,0,,,Sakshi Junnare,612ef81b6a4c09006a9fe331,,,,,,,,,,,,,,,,,,,,,,,,,,,,,,,,,,,,,,,,,,,,,,,,,,,,,,,,,,,,,,,,{},,RE-1,,,,,0|i000jb:,,RE Sprint 1,,,,,,,,Done
Verify the availability and position of pagination facility on 'Users' page,RE-56,10087,Test,Done,RE,Real Estate,software,Sakshi Junnare,612ef81b6a4c09006a9fe331,,Medium,Done,Sakshi Junnare,612ef81b6a4c09006a9fe331,Sakshi Junnare,612ef81b6a4c09006a9fe331,Sakshi Junnare,612ef81b6a4c09006a9fe331,06/Sep/21 12:14 PM,08/Sep/21 9:56 AM,09/Sep/21 5:34 AM,08/Sep/21 9:56 AM,,0,,,Sakshi Junnare,612ef81b6a4c09006a9fe331,,,,,,,,,,,,,,,,,,,,,,,,,,,,,,,,,,,,,,,,,,,,,,,,,,,,,,,,,,,,,,,,{},,RE-1,,,,,0|i000j3:,,RE Sprint 1,,,,,,,,Done
Verify 'Apply' button with validation message,RE-55,10086,Test,Done,RE,Real Estate,software,Sakshi Junnare,612ef81b6a4c09006a9fe331,,Medium,Done,Sakshi Junnare,612ef81b6a4c09006a9fe331,Sakshi Junnare,612ef81b6a4c09006a9fe331,Sakshi Junnare,612ef81b6a4c09006a9fe331,06/Sep/21 11:50 AM,08/Sep/21 9:55 AM,09/Sep/21 5:34 AM,08/Sep/21 9:55 AM,,0,,,Sakshi Junnare,612ef81b6a4c09006a9fe331,,,,,,,,,,,,,,,,,,,,,,,,,,,,,,,,,,,,,,,,,,,,,,,,,,,,,,,,,,,,,,,,{},,RE-1,,,,,0|i000iv:,,RE Sprint 1,,,,,,,,Done
Verify that 'Apply' button is properly working or not,RE-54,10085,Test,Done,RE,Real Estate,software,Sakshi Junnare,612ef81b6a4c09006a9fe331,,Medium,Done,Sakshi Junnare,612ef81b6a4c09006a9fe331,Sakshi Junnare,612ef81b6a4c09006a9fe331,Sakshi Junnare,612ef81b6a4c09006a9fe331,06/Sep/21 11:44 AM,08/Sep/21 9:55 AM,09/Sep/21 5:34 AM,08/Sep/21 9:55 AM,,0,,,Sakshi Junnare,612ef81b6a4c09006a9fe331,,,,,,,,,,,,,,,,,,,,,,,,,,,,,,,,,,,,,,,,,,,,,,,,,,,,,,,,,,,,,,,,{},,RE-1,,,,,0|i000in:,,RE Sprint 1,,,,,,,,Done
Verify that 'Apply' button is provided in 'screen options' or not,RE-53,10084,Test,Done,RE,Real Estate,software,Sakshi Junnare,612ef81b6a4c09006a9fe331,,Medium,Done,Sakshi Junnare,612ef81b6a4c09006a9fe331,Sakshi Junnare,612ef81b6a4c09006a9fe331,Sakshi Junnare,612ef81b6a4c09006a9fe331,06/Sep/21 11:37 AM,08/Sep/21 9:55 AM,09/Sep/21 5:34 AM,08/Sep/21 9:55 AM,,0,,,Sakshi Junnare,612ef81b6a4c09006a9fe331,,,,,,,,,,,,,,,,,,,,,,,,,,,,,,,,,,,,,,,,,,,,,,,,,,,,,,,,,,,,,,,,{},,RE-1,,,,,0|i000if:,,RE Sprint 1,,,,,,,,Done
Verify that 'Number of items per page' number field is not accepting numeric values which are less than 1,RE-52,10083,Test,Done,RE,Real Estate,software,Sakshi Junnare,612ef81b6a4c09006a9fe331,,Medium,Done,Sakshi Junnare,612ef81b6a4c09006a9fe331,Sakshi Junnare,612ef81b6a4c09006a9fe331,Sakshi Junnare,612ef81b6a4c09006a9fe331,06/Sep/21 11:28 AM,08/Sep/21 9:55 AM,09/Sep/21 5:34 AM,08/Sep/21 9:55 AM,,0,'Number of items per page' is available under ‘pagination’ option in ‘screen options’ on ‘Users’ page,,Sakshi Junnare,612ef81b6a4c09006a9fe331,,,,,,,,,,,,,,,,,,,,,,,,,,,,,,,,,,,,,,,,,,,,,,,,,,,,,,,,,,,,,,,,{},,RE-1,,,,,0|i000i7:,,RE Sprint 1,,,,,,,,Done
Verify that pagination option is having 'Number of items per page' number field or not,RE-51,10082,Test,Done,RE,Real Estate,software,Sakshi Junnare,612ef81b6a4c09006a9fe331,,Medium,Done,Sakshi Junnare,612ef81b6a4c09006a9fe331,Sakshi Junnare,612ef81b6a4c09006a9fe331,Sakshi Junnare,612ef81b6a4c09006a9fe331,06/Sep/21 11:10 AM,08/Sep/21 9:55 AM,09/Sep/21 5:34 AM,08/Sep/21 9:55 AM,,0,‘pagination’ option is available in ‘screen options’ on ‘Users’ page,,Sakshi Junnare,612ef81b6a4c09006a9fe331,,,,,,,,,,,,,,,,,,,,,,,,,,,,,,,,,,,,,,,,,,,,,,,,,,,,,,,,,,,,,,,,{},,RE-1,,,,,0|i000hz:,,RE Sprint 1,,,,,,,,Done
"Verify that after deselecting 'Posts' checkbox, posts column becomes invisible in the table of user records on 'Users' page",RE-50,10081,Test,Done,RE,Real Estate,software,Sakshi Junnare,612ef81b6a4c09006a9fe331,,Medium,Done,Sakshi Junnare,612ef81b6a4c09006a9fe331,Sakshi Junnare,612ef81b6a4c09006a9fe331,Sakshi Junnare,612ef81b6a4c09006a9fe331,06/Sep/21 11:03 AM,08/Sep/21 9:55 AM,09/Sep/21 5:34 AM,08/Sep/21 9:55 AM,,0,‘Posts’ checkbox is available under the title ‘columns’ in ‘screen options’ on ‘Users’ page,,Sakshi Junnare,612ef81b6a4c09006a9fe331,,,,,,,,,,,,,,,,,,,,,,,,,,,,,,,,,,,,,,,,,,,,,,,,,,,,,,,,,,,,,,,,{},,RE-1,,,,,0|i000hr:,,RE Sprint 1,,,,,,,,Done
"Verify that after selecting 'Posts' checkbox, posts column becomes visible in the table of user records on 'Users' page",RE-49,10080,Test,Done,RE,Real Estate,software,Sakshi Junnare,612ef81b6a4c09006a9fe331,,Medium,Done,Sakshi Junnare,612ef81b6a4c09006a9fe331,Sakshi Junnare,612ef81b6a4c09006a9fe331,Sakshi Junnare,612ef81b6a4c09006a9fe331,06/Sep/21 10:58 AM,08/Sep/21 9:55 AM,09/Sep/21 5:34 AM,08/Sep/21 9:55 AM,,0,‘Posts' checkbox is available under the title ‘columns’ in ‘screen options’ on ‘Users’ page,,Sakshi Junnare,612ef81b6a4c09006a9fe331,,,,,,,,,,,,,,,,,,,,,,,,,,,,,,,,,,,,,,,,,,,,,,,,,,,,,,,,,,,,,,,,{},,RE-1,,,,,0|i000hj:,,RE Sprint 1,,,,,,,,Done
Verify that 'Posts' checkbox is showing appropriate sign while selecting or deselecting it,RE-48,10079,Test,Done,RE,Real Estate,software,Sakshi Junnare,612ef81b6a4c09006a9fe331,,Medium,Done,Sakshi Junnare,612ef81b6a4c09006a9fe331,Sakshi Junnare,612ef81b6a4c09006a9fe331,Sakshi Junnare,612ef81b6a4c09006a9fe331,06/Sep/21 10:55 AM,08/Sep/21 9:55 AM,09/Sep/21 5:34 AM,08/Sep/21 9:55 AM,,0,‘Posts' checkbox is available under the title ‘columns’ in ‘screen options’ on ‘Users’ page,,Sakshi Junnare,612ef81b6a4c09006a9fe331,,,,,,,,,,,,,,,,,,,,,,,,,,,,,,,,,,,,,,,,,,,,,,,,,,,,,,,,,,,,,,,,{},,RE-1,,,,,0|i000hb:,,RE Sprint 1,,,,,,,,Done
Verify that 'Posts' checkbox is clickable or not,RE-47,10078,Test,Done,RE,Real Estate,software,Sakshi Junnare,612ef81b6a4c09006a9fe331,,Medium,Done,Sakshi Junnare,612ef81b6a4c09006a9fe331,Sakshi Junnare,612ef81b6a4c09006a9fe331,Sakshi Junnare,612ef81b6a4c09006a9fe331,06/Sep/21 10:44 AM,08/Sep/21 9:55 AM,09/Sep/21 5:34 AM,08/Sep/21 9:55 AM,,0,‘Posts' checkbox is available under the title ‘columns’ in ‘screen options’ on ‘Users’ page,,Sakshi Junnare,612ef81b6a4c09006a9fe331,,,,,,,,,,,,,,,,,,,,,,,,,,,,,,,,,,,,,,,,,,,,,,,,,,,,,,,,,,,,,,,,{},,RE-1,,,,,0|i000h3:,,RE Sprint 1,,,,,,,,Done
"Verify that after deselecting 'Role' checkbox, role column becomes invisible in the table of user records on 'Users' page",RE-46,10077,Test,Done,RE,Real Estate,software,Sakshi Junnare,612ef81b6a4c09006a9fe331,,Medium,Done,Sakshi Junnare,612ef81b6a4c09006a9fe331,Sakshi Junnare,612ef81b6a4c09006a9fe331,Sakshi Junnare,612ef81b6a4c09006a9fe331,06/Sep/21 10:41 AM,08/Sep/21 9:55 AM,09/Sep/21 5:34 AM,08/Sep/21 9:55 AM,,0,‘Role’ checkbox is available under the title ‘columns’ in ‘screen options’ on ‘Users’ page,,Sakshi Junnare,612ef81b6a4c09006a9fe331,,,,,,,,,,,,,,,,,,,,,,,,,,,,,,,,,,,,,,,,,,,,,,,,,,,,,,,,,,,,,,,,{},,RE-1,,,,,0|i000gv:,,RE Sprint 1,,,,,,,,Done
"Verify that after selecting 'Role' checkbox, role column becomes visible in the table of user records on 'Users' page",RE-45,10076,Test,Done,RE,Real Estate,software,Sakshi Junnare,612ef81b6a4c09006a9fe331,,Medium,Done,Sakshi Junnare,612ef81b6a4c09006a9fe331,Sakshi Junnare,612ef81b6a4c09006a9fe331,Sakshi Junnare,612ef81b6a4c09006a9fe331,06/Sep/21 10:35 AM,08/Sep/21 9:55 AM,09/Sep/21 5:34 AM,08/Sep/21 9:55 AM,,0,‘Role' checkbox is available under the title ‘columns’ in ‘screen options’ on ‘Users’ page,,Sakshi Junnare,612ef81b6a4c09006a9fe331,,,,,,,,,,,,,,,,,,,,,,,,,,,,,,,,,,,,,,,,,,,,,,,,,,,,,,,,,,,,,,,,{},,RE-1,,,,,0|i000gn:,,RE Sprint 1,,,,,,,,Done
Verify that 'Role' checkbox is showing appropriate sign while selecting or deselecting it,RE-44,10075,Test,Done,RE,Real Estate,software,Sakshi Junnare,612ef81b6a4c09006a9fe331,,Medium,Done,Sakshi Junnare,612ef81b6a4c09006a9fe331,Sakshi Junnare,612ef81b6a4c09006a9fe331,Sakshi Junnare,612ef81b6a4c09006a9fe331,06/Sep/21 10:32 AM,08/Sep/21 9:55 AM,09/Sep/21 5:34 AM,08/Sep/21 9:55 AM,,0,‘Role' checkbox is available under the title ‘columns’ in ‘screen options’ on ‘Users’ page,,Sakshi Junnare,612ef81b6a4c09006a9fe331,,,,,,,,,,,,,,,,,,,,,,,,,,,,,,,,,,,,,,,,,,,,,,,,,,,,,,,,,,,,,,,,{},,RE-1,,,,,0|i000gf:,,RE Sprint 1,,,,,,,,Done
Verify that 'Role' checkbox is clickable or not,RE-43,10074,Test,Done,RE,Real Estate,software,Sakshi Junnare,612ef81b6a4c09006a9fe331,,Medium,Done,Sakshi Junnare,612ef81b6a4c09006a9fe331,Sakshi Junnare,612ef81b6a4c09006a9fe331,Sakshi Junnare,612ef81b6a4c09006a9fe331,06/Sep/21 10:29 AM,08/Sep/21 9:55 AM,09/Sep/21 5:34 AM,08/Sep/21 9:55 AM,,0,‘Role' checkbox is available under the title ‘columns’ in ‘screen options’ on ‘Users’ page,,Sakshi Junnare,612ef81b6a4c09006a9fe331,,,,,,,,,,,,,,,,,,,,,,,,,,,,,,,,,,,,,,,,,,,,,,,,,,,,,,,,,,,,,,,,{},,RE-1,,,,,0|i000g7:,,RE Sprint 1,,,,,,,,Done
"Verify that after deselecting 'Email' checkbox, email column becomes invisible in the table of user records on 'Users' page",RE-42,10073,Test,Done,RE,Real Estate,software,Sakshi Junnare,612ef81b6a4c09006a9fe331,,Medium,Done,Sakshi Junnare,612ef81b6a4c09006a9fe331,Sakshi Junnare,612ef81b6a4c09006a9fe331,Sakshi Junnare,612ef81b6a4c09006a9fe331,06/Sep/21 10:26 AM,08/Sep/21 9:55 AM,09/Sep/21 5:34 AM,08/Sep/21 9:55 AM,,0,‘Email' checkbox is available under the title ‘columns’ in ‘screen options’ on ‘Users’ page,,Sakshi Junnare,612ef81b6a4c09006a9fe331,,,,,,,,,,,,,,,,,,,,,,,,,,,,,,,,,,,,,,,,,,,,,,,,,,,,,,,,,,,,,,,,{},,RE-1,,,,,0|i000fz:,,RE Sprint 1,,,,,,,,Done
"Verify that after selecting 'Email' checkbox, email column becomes visible in the table of user records on 'Users' page",RE-41,10072,Test,Done,RE,Real Estate,software,Sakshi Junnare,612ef81b6a4c09006a9fe331,,Medium,Done,Sakshi Junnare,612ef81b6a4c09006a9fe331,Sakshi Junnare,612ef81b6a4c09006a9fe331,Sakshi Junnare,612ef81b6a4c09006a9fe331,06/Sep/21 9:55 AM,08/Sep/21 9:55 AM,09/Sep/21 5:34 AM,08/Sep/21 9:55 AM,,0,‘Email' checkbox is available under the title ‘columns’ in ‘screen options’ on ‘Users’ page,,Sakshi Junnare,612ef81b6a4c09006a9fe331,,,,,,,,,,,,,,,,,,,,,,,,,,,,,,,,,,,,,,,,,,,,,,,,,,,,,,,,,,,,,,,,{},,RE-1,,,,,0|i000fr:,,RE Sprint 1,,,,,,,,Done
Verify that 'Email' checkbox is showing appropriate sign while selecting or deselecting it,RE-40,10071,Test,Done,RE,Real Estate,software,Sakshi Junnare,612ef81b6a4c09006a9fe331,,Medium,Done,Sakshi Junnare,612ef81b6a4c09006a9fe331,Sakshi Junnare,612ef81b6a4c09006a9fe331,Sakshi Junnare,612ef81b6a4c09006a9fe331,06/Sep/21 9:37 AM,08/Sep/21 9:55 AM,09/Sep/21 5:34 AM,08/Sep/21 9:55 AM,,0,‘Email' checkbox is available under the title ‘columns’ in ‘screen options’ on ‘Users’ page,,Sakshi Junnare,612ef81b6a4c09006a9fe331,,,,,,,,,,,,,,,,,,,,,,,,,,,,,,,,,,,,,,,,,,,,,,,,,,,,,,,,,,,,,,,,{},,RE-1,,,,,0|i000fj:,,RE Sprint 1,,,,,,,,Done
Verify that 'Email' checkbox is clickable or not ,RE-39,10070,Test,Done,RE,Real Estate,software,Sakshi Junnare,612ef81b6a4c09006a9fe331,,Medium,Done,Sakshi Junnare,612ef81b6a4c09006a9fe331,Sakshi Junnare,612ef81b6a4c09006a9fe331,Sakshi Junnare,612ef81b6a4c09006a9fe331,06/Sep/21 9:12 AM,08/Sep/21 9:54 AM,09/Sep/21 5:34 AM,08/Sep/21 9:54 AM,,0,‘Email' checkbox is available under the title ‘columns’ in ‘screen options’ on ‘Users’ page,,Sakshi Junnare,612ef81b6a4c09006a9fe331,,,,,,,,,,,,,,,,,,,,,,,,,,,,,,,,,,,,,,,,,,,,,,,,,,,,,,,,,,,,,,,,{},,RE-1,,,,,0|i000fb:,,RE Sprint 1,,,,,,,,Done
"Verify 'columns' option with the availability of 3 checkboxes having labels as Email, Role, Posts respectively",RE-38,10069,Test,Done,RE,Real Estate,software,Sakshi Junnare,612ef81b6a4c09006a9fe331,,Medium,Done,Sakshi Junnare,612ef81b6a4c09006a9fe331,Sakshi Junnare,612ef81b6a4c09006a9fe331,Sakshi Junnare,612ef81b6a4c09006a9fe331,06/Sep/21 8:55 AM,08/Sep/21 9:54 AM,09/Sep/21 5:34 AM,08/Sep/21 9:54 AM,,0,‘columns’ option is present in ‘screen options' on ‘Users’ page,,Sakshi Junnare,612ef81b6a4c09006a9fe331,,,,,,,,,,,,,,,,,,,,,,,,,,,,,,,,,,,,,,,,,,,,,,,,,,,,,,,,,,,,,,,,{},,RE-1,,,,,0|i000f3:,,RE Sprint 1,,,,,,,,Done
"Verify that after clicking on 'screen options', two options namely 'columns' and 'pagination' are getting displayed or not",RE-37,10068,Test,Done,RE,Real Estate,software,Sakshi Junnare,612ef81b6a4c09006a9fe331,,Medium,Done,Sakshi Junnare,612ef81b6a4c09006a9fe331,Sakshi Junnare,612ef81b6a4c09006a9fe331,Sakshi Junnare,612ef81b6a4c09006a9fe331,06/Sep/21 8:38 AM,08/Sep/21 9:54 AM,09/Sep/21 5:34 AM,08/Sep/21 9:54 AM,,0,‘screen options’ is available on ‘Users’ page,,Sakshi Junnare,612ef81b6a4c09006a9fe331,,,,,,,,,,,,,,,,,,,,,,,,,,,,,,,,,,,,,,,,,,,,,,,,,,,,,,,,,,,,,,,,{},,RE-1,,,,,0|i000ev:,,RE Sprint 1,,,,,,,,Done
Verify that 'screen options' is available on 'Users' page or not ,RE-36,10067,Test,Done,RE,Real Estate,software,Sakshi Junnare,612ef81b6a4c09006a9fe331,,Medium,Done,Sakshi Junnare,612ef81b6a4c09006a9fe331,Sakshi Junnare,612ef81b6a4c09006a9fe331,Sakshi Junnare,612ef81b6a4c09006a9fe331,06/Sep/21 4:26 AM,08/Sep/21 9:54 AM,09/Sep/21 5:34 AM,08/Sep/21 9:54 AM,,0,,,Sakshi Junnare,612ef81b6a4c09006a9fe331,,,,,,,,,,,,,,,,,,,,,,,,,,,,,,,,,,,,,,,,,,,,,,,,,,,,,,,,,,,,,,,,{},,RE-1,,,,,0|i000en:,,RE Sprint 1,,,,,,,,Done
"As an admin, I want only required columns to be displayed and also pagination facility on 'Users' page so that I can maintain all the available records of users properly on 'Users' page",RE-35,10066,Story,Done,RE,Real Estate,software,Sakshi Junnare,612ef81b6a4c09006a9fe331,,Medium,Done,Sakshi Junnare,612ef81b6a4c09006a9fe331,Sakshi Junnare,612ef81b6a4c09006a9fe331,Sakshi Junnare,612ef81b6a4c09006a9fe331,06/Sep/21 4:22 AM,09/Sep/21 4:03 AM,09/Sep/21 4:02 AM,08/Sep/21 9:56 AM,,0,,,Sakshi Junnare,612ef81b6a4c09006a9fe331,,,,,,,,,,RE-36,RE-37,RE-38,RE-39,RE-40,RE-41,RE-42,RE-43,RE-44,RE-45,RE-46,RE-47,RE-48,RE-49,RE-50,RE-51,RE-52,RE-53,RE-54,RE-55,RE-56,RE-57,RE-58,RE-59,,,,,,,,,,,,,,,,,,,,,,,,,,,,,,,{},,RE-1,,,,,0|i000cj:,,RE Sprint 1,,,,,,,,Done
Verify required property details which are getting displayed when admin clicks on any property owned by selected user,RE-34,10065,Test,Done,RE,Real Estate,software,Sakshi Junnare,612ef81b6a4c09006a9fe331,,Medium,Done,Sakshi Junnare,612ef81b6a4c09006a9fe331,Sakshi Junnare,612ef81b6a4c09006a9fe331,Sakshi Junnare,612ef81b6a4c09006a9fe331,05/Sep/21 7:20 PM,08/Sep/21 9:51 AM,09/Sep/21 5:34 AM,08/Sep/21 9:51 AM,,0,"On profile page of user, properties owned by that user are visible. ",,Sakshi Junnare,612ef81b6a4c09006a9fe331,,,,,,,,,,,,,,,,,,,,,,,,,,,,,,,,,,,,,,,,,,,,,,,,,,,,,,,,,,,,,,,,{},,RE-1,,,,,0|i000ef:,,RE Sprint 1,,,,,,,,Done
Verify that each option in the 'sort by' list is displaying correct results or not,RE-33,10064,Test,Blocked,RE,Real Estate,software,Sakshi Junnare,612ef81b6a4c09006a9fe331,,Medium,,Sakshi Junnare,612ef81b6a4c09006a9fe331,Sakshi Junnare,612ef81b6a4c09006a9fe331,Sakshi Junnare,612ef81b6a4c09006a9fe331,05/Sep/21 7:10 PM,08/Sep/21 9:51 AM,08/Sep/21 5:25 AM,,,0,‘sort by’ dropdown list is available on user’s profile page which gets opened after clicking on view option available below the username of each user record on ‘Users’ page,,Sakshi Junnare,612ef81b6a4c09006a9fe331,,,,,,,,,,RE-113,,,,,,,,,,,,,,,,,,,,,,,,,,,,,,,,,,,,,,,,,,,,,,,,,,,,,,{},,RE-1,,,,,0|i000e7:,,RE Sprint 1,,,,,,,,In Progress
Verify 'sort by' list with required options available in it,RE-32,10063,Test,Done,RE,Real Estate,software,Sakshi Junnare,612ef81b6a4c09006a9fe331,,Medium,Done,Sakshi Junnare,612ef81b6a4c09006a9fe331,Sakshi Junnare,612ef81b6a4c09006a9fe331,Sakshi Junnare,612ef81b6a4c09006a9fe331,05/Sep/21 6:57 PM,08/Sep/21 9:51 AM,09/Sep/21 5:34 AM,08/Sep/21 9:51 AM,,0,‘sort by’ dropdown list is available on user’s profile page which gets opened after clicking on view option available below the username of each user record on ‘Users’ page,,Sakshi Junnare,612ef81b6a4c09006a9fe331,,,,,,,,,,,,,,,,,,,,,,,,,,,,,,,,,,,,,,,,,,,,,,,,,,,,,,,,,,,,,,,,{},,RE-1,,,,,0|i000dz:,,RE Sprint 1,,,,,,,,Done
Verify profile page of selected user with all required information of that user ,RE-31,10062,Test,Done,RE,Real Estate,software,Sakshi Junnare,612ef81b6a4c09006a9fe331,,Medium,Done,Sakshi Junnare,612ef81b6a4c09006a9fe331,Sakshi Junnare,612ef81b6a4c09006a9fe331,Sakshi Junnare,612ef81b6a4c09006a9fe331,05/Sep/21 6:43 PM,08/Sep/21 9:51 AM,09/Sep/21 5:34 AM,08/Sep/21 9:51 AM,,0,,,Sakshi Junnare,612ef81b6a4c09006a9fe331,,,,,,,,,,,,,,,,,,,,,,,,,,,,,,,,,,,,,,,,,,,,,,,,,,,,,,,,,,,,,,,,{},,RE-1,,,,,0|i000dr:,,RE Sprint 1,,,,,,,,Done
"Verify that view option which is available below the username of each record on 'Users' page, is navigating to required page or not",RE-30,10061,Test,Done,RE,Real Estate,software,Sakshi Junnare,612ef81b6a4c09006a9fe331,,Medium,Done,Sakshi Junnare,612ef81b6a4c09006a9fe331,Sakshi Junnare,612ef81b6a4c09006a9fe331,Sakshi Junnare,612ef81b6a4c09006a9fe331,05/Sep/21 6:29 PM,08/Sep/21 9:51 AM,09/Sep/21 5:34 AM,08/Sep/21 9:51 AM,,0,,,Sakshi Junnare,612ef81b6a4c09006a9fe331,,,,,,,,,,,,,,,,,,,,,,,,,,,,,,,,,,,,,,,,,,,,,,,,,,,,,,,,,,,,,,,,{},,RE-1,,,,,0|i000dj:,,RE Sprint 1,,,,,,,,Done
Verify that admin's record is showing only 2 options namely Edit and View below the username of admin on 'Users' page,RE-29,10060,Test,Done,RE,Real Estate,software,Sakshi Junnare,612ef81b6a4c09006a9fe331,,Medium,Done,Sakshi Junnare,612ef81b6a4c09006a9fe331,Sakshi Junnare,612ef81b6a4c09006a9fe331,Sakshi Junnare,612ef81b6a4c09006a9fe331,05/Sep/21 6:13 PM,08/Sep/21 9:51 AM,09/Sep/21 5:34 AM,08/Sep/21 9:51 AM,,0,Edit and view options are visible after hovering on admin’s record on ‘Users’ page,,Sakshi Junnare,612ef81b6a4c09006a9fe331,,,,,,,,,,,,,,,,,,,,,,,,,,,,,,,,,,,,,,,,,,,,,,,,,,,,,,,,,,,,,,,,{},,RE-1,,,,,0|i000db:,,RE Sprint 1,,,,,,,,Done
"Verify each user record except admin's record with 3 options namely Edit, Delete, View are visible below the username of respective record",RE-28,10059,Test,Done,RE,Real Estate,software,Sakshi Junnare,612ef81b6a4c09006a9fe331,,Medium,Done,Sakshi Junnare,612ef81b6a4c09006a9fe331,Sakshi Junnare,612ef81b6a4c09006a9fe331,Sakshi Junnare,612ef81b6a4c09006a9fe331,05/Sep/21 5:57 PM,08/Sep/21 9:51 AM,09/Sep/21 5:34 AM,08/Sep/21 9:51 AM,,0,,,Sakshi Junnare,612ef81b6a4c09006a9fe331,,,,,,,,,,,,,,,,,,,,,,,,,,,,,,,,,,,,,,,,,,,,,,,,,,,,,,,,,,,,,,,,{},,RE-1,,,,,0|i000d3:,,RE Sprint 1,,,,,,,,Done
Verify that all the records of users are getting displayed after clicking on 'Users' module,RE-27,10058,Test,Done,RE,Real Estate,software,Sakshi Junnare,612ef81b6a4c09006a9fe331,,Medium,Done,Sakshi Junnare,612ef81b6a4c09006a9fe331,Sakshi Junnare,612ef81b6a4c09006a9fe331,Sakshi Junnare,612ef81b6a4c09006a9fe331,05/Sep/21 5:49 PM,08/Sep/21 9:51 AM,09/Sep/21 5:34 AM,08/Sep/21 9:51 AM,,0,,,Sakshi Junnare,612ef81b6a4c09006a9fe331,,,,,,,,,,,,,,,,,,,,,,,,,,,,,,,,,,,,,,,,,,,,,,,,,,,,,,,,,,,,,,,,{},,RE-1,,,,,0|i000cv:,,RE Sprint 1,,,,,,,,Done
"As an admin, I want to view all the records of users so that I can view all the details of any user ",RE-26,10057,Story,Blocked,RE,Real Estate,software,Sakshi Junnare,612ef81b6a4c09006a9fe331,,Medium,,Sakshi Junnare,612ef81b6a4c09006a9fe331,Sakshi Junnare,612ef81b6a4c09006a9fe331,Sakshi Junnare,612ef81b6a4c09006a9fe331,05/Sep/21 5:44 PM,08/Sep/21 11:00 AM,08/Sep/21 11:09 AM,,,0,,,Sakshi Junnare,612ef81b6a4c09006a9fe331,,,,,,,,,,RE-27,RE-28,RE-29,RE-30,RE-31,RE-32,RE-33,RE-34,RE-116,,,,,,,,,,,,,,,,,,,,,,,,,,,,,,,,,,,,,,,,,,,,,,{},,RE-1,,,,,0|i000cn:,,RE Sprint 1,,,,,,,,In Progress
Verify the position of validation message which is displayed after change in role or deletion of any user record,RE-25,10056,Test,Done,RE,Real Estate,software,Sakshi Junnare,612ef81b6a4c09006a9fe331,,Medium,Done,Sakshi Junnare,612ef81b6a4c09006a9fe331,Sakshi Junnare,612ef81b6a4c09006a9fe331,Sakshi Junnare,612ef81b6a4c09006a9fe331,03/Sep/21 10:54 AM,08/Sep/21 9:49 AM,09/Sep/21 5:34 AM,08/Sep/21 9:49 AM,,0,,,Sakshi Junnare,612ef81b6a4c09006a9fe331,,,,,,,,,,,,,,,,,,,,,,,,,,,,,,,,,,,,,,,,,,,,,,,,,,,,,,,,,,,,,,,,{},,RE-1,,,,,0|i000cf:,,RE Sprint 1,,,,,,,,Done
Verify that 'Delete' option is only visible for each user record except admin record,RE-24,10055,Test,Done,RE,Real Estate,software,Sakshi Junnare,612ef81b6a4c09006a9fe331,,Medium,Done,Sakshi Junnare,612ef81b6a4c09006a9fe331,Sakshi Junnare,612ef81b6a4c09006a9fe331,Sakshi Junnare,612ef81b6a4c09006a9fe331,03/Sep/21 10:44 AM,08/Sep/21 9:49 AM,09/Sep/21 5:34 AM,08/Sep/21 9:49 AM,,0,Delete option is available below the username of each user record except admin on ‘Users’ page,,Sakshi Junnare,612ef81b6a4c09006a9fe331,,,,,,,,,,,,,,,,,,,,,,,,,,,,,,,,,,,,,,,,,,,,,,,,,,,,,,,,,,,,,,,,{},,RE-1,,,,,0|i000c7:,,RE Sprint 1,,,,,,,,Done
Verify color of 'Delete' option which is visible below the username of each user record on 'Users' page,RE-23,10054,Test,Done,RE,Real Estate,software,Sakshi Junnare,612ef81b6a4c09006a9fe331,,Medium,Done,Sakshi Junnare,612ef81b6a4c09006a9fe331,Sakshi Junnare,612ef81b6a4c09006a9fe331,Sakshi Junnare,612ef81b6a4c09006a9fe331,03/Sep/21 9:38 AM,08/Sep/21 9:49 AM,09/Sep/21 5:34 AM,08/Sep/21 9:49 AM,,0,,,Sakshi Junnare,612ef81b6a4c09006a9fe331,,,,,,,,,,,,,,,,,,,,,,,,,,,,,,,,,,,,,,,,,,,,,,,,,,,,,,,,,,,,,,,,{},,RE-1,,,,,0|i000bz:,,RE Sprint 1,,,,,,,,Done
Verify the position of 'Change' button on 'Users' page,RE-22,10053,Test,Done,RE,Real Estate,software,Sakshi Junnare,612ef81b6a4c09006a9fe331,,Medium,Done,Sakshi Junnare,612ef81b6a4c09006a9fe331,Sakshi Junnare,612ef81b6a4c09006a9fe331,Sakshi Junnare,612ef81b6a4c09006a9fe331,03/Sep/21 8:52 AM,08/Sep/21 9:49 AM,09/Sep/21 5:34 AM,08/Sep/21 9:49 AM,,0,,,Sakshi Junnare,612ef81b6a4c09006a9fe331,,,,,,,,,,,,,,,,,,,,,,,,,,,,,,,,,,,,,,,,,,,,,,,,,,,,,,,,,,,,,,,,{},,RE-1,,,,,0|i000br:,,RE Sprint 1,,,,,,,,Done
Verify 'Change role to...' list with selected option in list is getting highlighted ,RE-21,10052,Test,Done,RE,Real Estate,software,Sakshi Junnare,612ef81b6a4c09006a9fe331,,Medium,Done,Sakshi Junnare,612ef81b6a4c09006a9fe331,Sakshi Junnare,612ef81b6a4c09006a9fe331,Sakshi Junnare,612ef81b6a4c09006a9fe331,03/Sep/21 7:19 AM,08/Sep/21 9:49 AM,09/Sep/21 5:34 AM,08/Sep/21 9:49 AM,,0,,,Sakshi Junnare,612ef81b6a4c09006a9fe331,,,,,,,,,,,,,,,,,,,,,,,,,,,,,,,,,,,,,,,,,,,,,,,,,,,,,,,,,,,,,,,,{},,RE-1,,,,,0|i000bj:,,RE Sprint 1,,,,,,,,Done
"Verify that 'Delete' option which is available below the username of each record except admin record, is properly working or not",RE-20,10051,Test,Done,RE,Real Estate,software,Sakshi Junnare,612ef81b6a4c09006a9fe331,,Medium,Done,Sakshi Junnare,612ef81b6a4c09006a9fe331,Sakshi Junnare,612ef81b6a4c09006a9fe331,Sakshi Junnare,612ef81b6a4c09006a9fe331,03/Sep/21 7:03 AM,08/Sep/21 9:49 AM,09/Sep/21 5:34 AM,08/Sep/21 9:49 AM,,0,,,Sakshi Junnare,612ef81b6a4c09006a9fe331,,,,,,,,,,,,,,,,,,,,,,,,,,,,,,,,,,,,,,,,,,,,,,,,,,,,,,,,,,,,,,,,{},,RE-1,,,,,0|i000bb:,,RE Sprint 1,,,,,,,,Done
Verify that 'edit' option is navigating to correct page or not after clicking on it,RE-19,10050,Test,Done,RE,Real Estate,software,Sakshi Junnare,612ef81b6a4c09006a9fe331,,Medium,Done,Sakshi Junnare,612ef81b6a4c09006a9fe331,Sakshi Junnare,612ef81b6a4c09006a9fe331,Sakshi Junnare,612ef81b6a4c09006a9fe331,03/Sep/21 6:32 AM,08/Sep/21 9:49 AM,09/Sep/21 4:31 AM,08/Sep/21 9:49 AM,,0,‘Edit’ option is visible below the username of each user record on hovering the cursor on each record on ‘Users’ page.,,Sakshi Junnare,612ef81b6a4c09006a9fe331,,,,,,,,,,,,,,,,,,,,,,,,,,,,,,,,,,,,,,,,,,,,,,,,,,,,,,,,,,,,,,,,{},,RE-1,,,,,0|i000b3:,,RE Sprint 1,,,,,,,,Done
Verify 'Change' button with validation message,RE-18,10049,Test,Done,RE,Real Estate,software,Sakshi Junnare,612ef81b6a4c09006a9fe331,,Medium,Done,Sakshi Junnare,612ef81b6a4c09006a9fe331,Sakshi Junnare,612ef81b6a4c09006a9fe331,Sakshi Junnare,612ef81b6a4c09006a9fe331,03/Sep/21 6:14 AM,08/Sep/21 10:58 AM,08/Sep/21 10:57 AM,08/Sep/21 9:49 AM,,0,‘change’ button is available on ‘Users’ page,,Sakshi Junnare,612ef81b6a4c09006a9fe331,,,,,,,,,,,,,,,,,,,,,,,,,,,,,,,,,,,,,,,,,,,,,,,,,,,,,,,,,,,,,,,,{},,RE-1,,,,,0|i000av:,,RE Sprint 1,,,,,,,,Done
"Verify that 'Change' button which is on 'Users' page, is properly changing the role of selected users or not",RE-17,10048,Test,Done,RE,Real Estate,software,Sakshi Junnare,612ef81b6a4c09006a9fe331,,Medium,Done,Sakshi Junnare,612ef81b6a4c09006a9fe331,Sakshi Junnare,612ef81b6a4c09006a9fe331,Sakshi Junnare,612ef81b6a4c09006a9fe331,03/Sep/21 5:23 AM,08/Sep/21 9:49 AM,08/Sep/21 10:56 AM,08/Sep/21 9:49 AM,,0,,,Sakshi Junnare,612ef81b6a4c09006a9fe331,,,,,,,,,,,,,,,,,,,,,,,,,,,,,,,,,,,,,,,,,,,,,,,,,,,,,,,,,,,,,,,,{},,RE-1,,,,,0|i000an:,,RE Sprint 1,,,,,,,,Done
"Verify 'Confirm Deletion' button on 'Delete Users' page, is properly working or not ",RE-16,10047,Test,Done,RE,Real Estate,software,Sakshi Junnare,612ef81b6a4c09006a9fe331,,Medium,Done,Sakshi Junnare,612ef81b6a4c09006a9fe331,Sakshi Junnare,612ef81b6a4c09006a9fe331,Sakshi Junnare,612ef81b6a4c09006a9fe331,03/Sep/21 4:59 AM,09/Sep/21 4:26 AM,09/Sep/21 4:26 AM,08/Sep/21 9:49 AM,,0,,,Sakshi Junnare,612ef81b6a4c09006a9fe331,,,,,,,,,,,,,,,,,,,,,,,,,,,,,,,,,,,,,,,,,,,,,,,,,,,,,,,,,,,,,,,,{},,RE-1,,,,,0|i000af:,,RE Sprint 1,,,,,,,,Done
Verify that 'Delete Users' page is having 'Confirm Deletion' button,RE-15,10046,Test,Done,RE,Real Estate,software,Sakshi Junnare,612ef81b6a4c09006a9fe331,,Medium,Done,Sakshi Junnare,612ef81b6a4c09006a9fe331,Sakshi Junnare,612ef81b6a4c09006a9fe331,Sakshi Junnare,612ef81b6a4c09006a9fe331,03/Sep/21 4:00 AM,08/Sep/21 10:55 AM,08/Sep/21 10:55 AM,08/Sep/21 9:49 AM,,0,,,Sakshi Junnare,612ef81b6a4c09006a9fe331,,,,,,,,,,,,,,,,,,,,,,,,,,,,,,,,,,,,,,,,,,,,,,,,,,,,,,,,,,,,,,,,{},,RE-1,,,,,0|i000a7:,,RE Sprint 1,,,,,,,,Done
Verify that 'Delete Users' page is showing usernames of selected users to be deleted,RE-14,10045,Test,Done,RE,Real Estate,software,Sakshi Junnare,612ef81b6a4c09006a9fe331,,Medium,Done,Sakshi Junnare,612ef81b6a4c09006a9fe331,Sakshi Junnare,612ef81b6a4c09006a9fe331,Sakshi Junnare,612ef81b6a4c09006a9fe331,02/Sep/21 6:18 PM,09/Sep/21 4:26 AM,09/Sep/21 4:25 AM,08/Sep/21 9:49 AM,,0,,,Sakshi Junnare,612ef81b6a4c09006a9fe331,,,,,,,,,,,,,,,,,,,,,,,,,,,,,,,,,,,,,,,,,,,,,,,,,,,,,,,,,,,,,,,,{},,RE-1,,,,,0|i0009z:,,RE Sprint 1,,,,,,,,Done
Verify that 'Apply' button is properly working or not,RE-13,10044,Test,Done,RE,Real Estate,software,Sakshi Junnare,612ef81b6a4c09006a9fe331,,Medium,Done,Sakshi Junnare,612ef81b6a4c09006a9fe331,Sakshi Junnare,612ef81b6a4c09006a9fe331,Sakshi Junnare,612ef81b6a4c09006a9fe331,02/Sep/21 5:50 PM,08/Sep/21 10:53 AM,08/Sep/21 10:53 AM,08/Sep/21 9:49 AM,,0,‘Apply’ button is available on ‘Users’ page,,Sakshi Junnare,612ef81b6a4c09006a9fe331,,,,,,,,,,,,,,,,,,,,,,,,,,,,,,,,,,,,,,,,,,,,,,,,,,,,,,,,,,,,,,,,{},,RE-1,,,,,0|i0009r:,,RE Sprint 1,,,,,,,,Done
Verify the position of 'Apply' button  ,RE-12,10043,Test,Done,RE,Real Estate,software,Sakshi Junnare,612ef81b6a4c09006a9fe331,,Medium,Done,Sakshi Junnare,612ef81b6a4c09006a9fe331,Sakshi Junnare,612ef81b6a4c09006a9fe331,Sakshi Junnare,612ef81b6a4c09006a9fe331,02/Sep/21 5:39 PM,08/Sep/21 10:52 AM,08/Sep/21 10:50 AM,08/Sep/21 9:49 AM,,0,‘Apply’ button is available on ‘Users’ page.,,Sakshi Junnare,612ef81b6a4c09006a9fe331,,,,,,,,,,,,,,,,,,,,,,,,,,,,,,,,,,,,,,,,,,,,,,,,,,,,,,,,,,,,,,,,{},,RE-1,,,,,0|i0009j:,,RE Sprint 1,,,,,,,,Done
Verify 'Bulk Actions' list having delete option to delete the multiple records of users at the same time,RE-11,10042,Test,Done,RE,Real Estate,software,Sakshi Junnare,612ef81b6a4c09006a9fe331,,Medium,Done,Sakshi Junnare,612ef81b6a4c09006a9fe331,Sakshi Junnare,612ef81b6a4c09006a9fe331,Sakshi Junnare,612ef81b6a4c09006a9fe331,02/Sep/21 5:17 PM,08/Sep/21 10:50 AM,08/Sep/21 10:49 AM,08/Sep/21 9:48 AM,,0,‘Bulk Actions’ list is available on ‘Users’ page,,Sakshi Junnare,612ef81b6a4c09006a9fe331,,,,,,,,,,,,,,,,,,,,,,,,,,,,,,,,,,,,,,,,,,,,,,,,,,,,,,,,,,,,,,,,{},,RE-1,,,,,0|i0009b:,,RE Sprint 1,,,,,,,,Done
Verify 'Change role to...' dropdown list is having all the required options in it,RE-10,10041,Test,Done,RE,Real Estate,software,Sakshi Junnare,612ef81b6a4c09006a9fe331,,Medium,Done,Sakshi Junnare,612ef81b6a4c09006a9fe331,Sakshi Junnare,612ef81b6a4c09006a9fe331,Sakshi Junnare,612ef81b6a4c09006a9fe331,02/Sep/21 12:32 PM,09/Sep/21 4:22 AM,09/Sep/21 4:19 AM,08/Sep/21 9:48 AM,,0,"‘Change role to…’ list is available on ‘Users’ page. Required options in ‘change role to…’ list are shop manager, author, editor, subscriber, contributor, customer, agent, administrator.",,Sakshi Junnare,612ef81b6a4c09006a9fe331,,,,,,,,,,,,,,,,,,,,,,,,,,,,,,,,,,,,,,,,,,,,,,,,,,,,,,,,,,,,,,,,{},,RE-1,,,,,0|i00093:,,RE Sprint 1,,,,,,,,Done
"As an admin, I want to delete and update the records of users so that I can make corrections in the details of any user, if required and also remove incorrect records of users from the application",RE-9,10040,Story,Done,RE,Real Estate,software,Sakshi Junnare,612ef81b6a4c09006a9fe331,,Medium,Done,Sakshi Junnare,612ef81b6a4c09006a9fe331,Sakshi Junnare,612ef81b6a4c09006a9fe331,Sakshi Junnare,612ef81b6a4c09006a9fe331,02/Sep/21 12:23 PM,09/Sep/21 4:16 AM,09/Sep/21 4:32 AM,08/Sep/21 9:50 AM,,0,,,Sakshi Junnare,612ef81b6a4c09006a9fe331,,,,,,,,,,RE-10,RE-11,RE-12,RE-13,RE-14,RE-15,RE-16,RE-17,RE-18,RE-19,RE-20,RE-21,RE-22,RE-23,RE-24,RE-25,,,,,,,,,,,,,,,,,,,,,,,,,,,,,,,,,,,,,,,{},,RE-1,,,,,0|i0008v:,,RE Sprint 1,,,,,,,,Done
Verify 'Search Users' button is working correctly or not,RE-8,10039,Test,Done,RE,Real Estate,software,Sakshi Junnare,612ef81b6a4c09006a9fe331,,Medium,Done,Sakshi Junnare,612ef81b6a4c09006a9fe331,Sakshi Junnare,612ef81b6a4c09006a9fe331,Sakshi Junnare,612ef81b6a4c09006a9fe331,02/Sep/21 11:05 AM,08/Sep/21 10:46 AM,09/Sep/21 4:07 AM,08/Sep/21 9:47 AM,,0,‘search users’ button is on ‘Users’ page,,Sakshi Junnare,612ef81b6a4c09006a9fe331,,,,,,,,,,,,,,,,,,,,,,,,,,,,,,,,,,,,,,,,,,,,,,,,,,,,,,,,,,,,,,,,{},,RE-1,,,,,0|i0008n:,,RE Sprint 1,,,,,,,,Done
Verify 'search box' with text entered by admin,RE-7,10038,Test,Done,RE,Real Estate,software,Sakshi Junnare,612ef81b6a4c09006a9fe331,,Medium,Done,Sakshi Junnare,612ef81b6a4c09006a9fe331,Sakshi Junnare,612ef81b6a4c09006a9fe331,Sakshi Junnare,612ef81b6a4c09006a9fe331,02/Sep/21 10:35 AM,08/Sep/21 10:46 AM,08/Sep/21 10:44 AM,08/Sep/21 9:47 AM,,0,‘search box’ is the textbox which is present along with ‘search users’ button on ‘Users’ page,,Sakshi Junnare,612ef81b6a4c09006a9fe331,,,,,,,,,,,,,,,,,,,,,,,,,,,,,,,,,,,,,,,,,,,,,,,,,,,,,,,,,,,,,,,,{},,RE-1,,,,,0|i0008f:,,RE Sprint 1,,,,,,,,Done
Verify that 'search box' along with 'search users' button is available or not on 'Users' page,RE-6,10037,Test,Done,RE,Real Estate,software,Sakshi Junnare,612ef81b6a4c09006a9fe331,,Medium,Done,Sakshi Junnare,612ef81b6a4c09006a9fe331,Sakshi Junnare,612ef81b6a4c09006a9fe331,Sakshi Junnare,612ef81b6a4c09006a9fe331,02/Sep/21 9:53 AM,08/Sep/21 10:43 AM,08/Sep/21 10:41 AM,08/Sep/21 9:47 AM,,0,‘search box’ is the textbox which is present along with ‘search users’ button on ‘Users’ page,,Sakshi Junnare,612ef81b6a4c09006a9fe331,,,,,,,,,,,,,,,,,,,,,,,,,,,,,,,,,,,,,,,,,,,,,,,,,,,,,,,,,,,,,,,,{},,RE-1,,,,,0|i00087:,,RE Sprint 1,,,,,,,,Done
"Verify 'search links' with correct count of respective records of users, in brackets",RE-5,10036,Test,Done,RE,Real Estate,software,Sakshi Junnare,612ef81b6a4c09006a9fe331,,Medium,Done,Sakshi Junnare,612ef81b6a4c09006a9fe331,Sakshi Junnare,612ef81b6a4c09006a9fe331,Sakshi Junnare,612ef81b6a4c09006a9fe331,02/Sep/21 9:27 AM,08/Sep/21 10:41 AM,08/Sep/21 10:40 AM,08/Sep/21 9:47 AM,,0,"‘search links’ are the links having text as name of role . ‘Search links’ like Administrator, Editor, Author, Contributor, Subscriber, etc. are available on ‘Users’ page. By clicking on ‘search links’ , one can search the users belonging to specific role.",,Sakshi Junnare,612ef81b6a4c09006a9fe331,,,,,,,,,,,,,,,,,,,,,,,,,,,,,,,,,,,,,,,,,,,,,,,,,,,,,,,,,,,,,,,,{},,RE-1,,,,,0|i0007z:,,RE Sprint 1,,,,,,,,Done
Verify 'search links' are displaying required records of users,RE-4,10035,Test,Done,RE,Real Estate,software,Sakshi Junnare,612ef81b6a4c09006a9fe331,,Medium,Done,Sakshi Junnare,612ef81b6a4c09006a9fe331,Sakshi Junnare,612ef81b6a4c09006a9fe331,Sakshi Junnare,612ef81b6a4c09006a9fe331,02/Sep/21 9:13 AM,08/Sep/21 10:37 AM,08/Sep/21 10:36 AM,08/Sep/21 9:47 AM,,0,"‘search links’ are the links having text as name of role . ‘Search links’ like Administrator, Editor, Author, Contributor, Subscriber, etc. are available on ‘Users’ page. By clicking on ‘search links’ , one can search the users belonging to specific role.",,Sakshi Junnare,612ef81b6a4c09006a9fe331,,,,,,,,,,,,,,,,,,,,,,,,,,,,,,,,,,,,,,,,,,,,,,,,,,,,,,,,,,,,,,,,{},,RE-1,,,,,0|i0007r:,,RE Sprint 1,,,,,,,,Done
Verify 'search links' are clickable or not,RE-3,10034,Test,Done,RE,Real Estate,software,Sakshi Junnare,612ef81b6a4c09006a9fe331,,Medium,Done,Sakshi Junnare,612ef81b6a4c09006a9fe331,Sakshi Junnare,612ef81b6a4c09006a9fe331,Sakshi Junnare,612ef81b6a4c09006a9fe331,02/Sep/21 8:51 AM,08/Sep/21 10:36 AM,08/Sep/21 10:29 AM,08/Sep/21 9:46 AM,,0,"‘search links’ are the links having text as name of role . ‘Search links’ like Administrator, Editor, Author, Contributor, Subscriber, etc. are available on ‘Users’ page. By clicking on ‘search links’ , one can search the users belonging to specific role.",,Sakshi Junnare,612ef81b6a4c09006a9fe331,,,,,,,,,,,,,,,,,,,,,,,,,,,,,,,,,,,,,,,,,,,,,,,,,,,,,,,,,,,,,,,,{},,RE-1,,,,,0|i0007j:,,RE Sprint 1,,,,,,,,Done
"As an admin, I want to search the records of users based on various available parameters like role, username, etc. so that I can see or modify their records",RE-2,10033,Story,Done,RE,Real Estate,software,Sakshi Junnare,612ef81b6a4c09006a9fe331,,Medium,Done,Sakshi Junnare,612ef81b6a4c09006a9fe331,Sakshi Junnare,612ef81b6a4c09006a9fe331,Sakshi Junnare,612ef81b6a4c09006a9fe331,02/Sep/21 7:24 AM,08/Sep/21 11:05 AM,09/Sep/21 4:11 AM,08/Sep/21 9:48 AM,,0,,,Sakshi Junnare,612ef81b6a4c09006a9fe331,,,,,,,,,,RE-3,RE-4,RE-5,RE-6,RE-7,RE-8,,,,,,,,,,,,,,,,,,,,,,,,,,,,,,,,,,,,,,,,,,,,,,,,,{},,RE-1,,,,,0|i0007b:,,RE Sprint 1,,,,,,,,Done
Users module,RE-1,10032,Epic,In Progress,RE,Real Estate,software,Sakshi Junnare,612ef81b6a4c09006a9fe331,,Medium,,Sakshi Junnare,612ef81b6a4c09006a9fe331,Sakshi Junnare,612ef81b6a4c09006a9fe331,Sakshi Junnare,612ef81b6a4c09006a9fe331,02/Sep/21 6:55 AM,08/Sep/21 11:02 AM,07/Sep/21 7:09 PM,,,0,,,Sakshi Junnare,612ef81b6a4c09006a9fe331,,,,,,,,,,,,,,,,,,,,,,,,,,,,,,,,,,,,,,,,,,,,,,,,,,,,,,,,,,,,,,,,{},ghx-label-5,,Users module,To Do,,,0|i00073:,,RE Sprint 1,,,,,,,,In Progress
